<?xml version= '1.0' encoding='ISO-8859-1' ?>
<TREE>
	<NAME>Test_generation</NAME>
	<OBJECT>
		<NAME>link1</NAME>
		<FAILURE>
			<NAME>interruption</NAME>
			<LABEL>The link link1 is broken</LABEL>
			<DEFAULT_MODEL>GLM</DEFAULT_MODEL>
			<FIAB_MODELS>
				<GLM>
					<GAMMA>0</GAMMA>
					<LAMBDA>1e-005</LAMBDA>
					<MU>1</MU>
				</GLM>
			</FIAB_MODELS>
		</FAILURE>
	</OBJECT>
	<OBJECT>
		<NAME>link2</NAME>
		<FAILURE>
			<NAME>interruption</NAME>
			<LABEL>The link link2 is broken</LABEL>
			<DEFAULT_MODEL>GLM</DEFAULT_MODEL>
			<FIAB_MODELS>
				<GLM>
					<GAMMA>0</GAMMA>
					<LAMBDA>1e-005</LAMBDA>
					<MU>1</MU>
				</GLM>
			</FIAB_MODELS>
		</FAILURE>
	</OBJECT>
	<OBJECT>
		<NAME>link3</NAME>
		<FAILURE>
			<NAME>interruption</NAME>
			<LABEL>The link link3 is broken</LABEL>
			<DEFAULT_MODEL>GLM</DEFAULT_MODEL>
			<FIAB_MODELS>
				<GLM>
					<GAMMA>0</GAMMA>
					<LAMBDA>1e-005</LAMBDA>
					<MU>1</MU>
				</GLM>
			</FIAB_MODELS>
		</FAILURE>
	</OBJECT>
	<OBJECT>
		<NAME>link4</NAME>
		<FAILURE>
			<NAME>interruption</NAME>
			<LABEL>The link link4 is broken</LABEL>
			<DEFAULT_MODEL>GLM</DEFAULT_MODEL>
			<FIAB_MODELS>
				<GLM>
					<GAMMA>0</GAMMA>
					<LAMBDA>1e-005</LAMBDA>
					<MU>1</MU>
				</GLM>
			</FIAB_MODELS>
		</FAILURE>
	</OBJECT>
	<OBJECT>
		<NAME>link5</NAME>
		<FAILURE>
			<NAME>interruption</NAME>
			<LABEL>The link link5 is broken</LABEL>
			<DEFAULT_MODEL>GLM</DEFAULT_MODEL>
			<FIAB_MODELS>
				<GLM>
					<GAMMA>0</GAMMA>
					<LAMBDA>1e-005</LAMBDA>
					<MU>1</MU>
				</GLM>
			</FIAB_MODELS>
		</FAILURE>
	</OBJECT>
	<OBJECT>
		<NAME>Source</NAME>
		<FAILURE>
			<NAME>fail</NAME>
			<LABEL>Failure of Source</LABEL>
			<DEFAULT_MODEL>GLM</DEFAULT_MODEL>
			<FIAB_MODELS>
				<GLM>
					<GAMMA>0</GAMMA>
					<LAMBDA>1e-005</LAMBDA>
					<MU>0.1</MU>
				</GLM>
			</FIAB_MODELS>
		</FAILURE>
	</OBJECT>
	<OBJECT>
		<NAME>n1</NAME>
		<FAILURE>
			<NAME>fail</NAME>
			<LABEL>Failure of n1</LABEL>
			<DEFAULT_MODEL>GLM</DEFAULT_MODEL>
			<FIAB_MODELS>
				<GLM>
					<GAMMA>0</GAMMA>
					<LAMBDA>1e-005</LAMBDA>
					<MU>0.1</MU>
				</GLM>
			</FIAB_MODELS>
		</FAILURE>
	</OBJECT>
	<OBJECT>
		<NAME>n2</NAME>
		<FAILURE>
			<NAME>fail</NAME>
			<LABEL>Failure of n2</LABEL>
			<DEFAULT_MODEL>GLM</DEFAULT_MODEL>
			<FIAB_MODELS>
				<GLM>
					<GAMMA>0</GAMMA>
					<LAMBDA>1e-005</LAMBDA>
					<MU>0.1</MU>
				</GLM>
			</FIAB_MODELS>
		</FAILURE>
	</OBJECT>
	<OBJECT>
		<NAME>Target</NAME>
		<FAILURE>
			<NAME>fail</NAME>
			<LABEL>Failure of Target</LABEL>
			<DEFAULT_MODEL>GLM</DEFAULT_MODEL>
			<FIAB_MODELS>
				<GLM>
					<GAMMA>0</GAMMA>
					<LAMBDA>1e-005</LAMBDA>
					<MU>0.1</MU>
				</GLM>
			</FIAB_MODELS>
		</FAILURE>
	</OBJECT>
	<GATE>
		<NAME>not_connected</NAME>
		<LABEL>Not Target is linked to a source</LABEL>
		<PAGE>EI</PAGE>
		<TYPE>ET</TYPE>
		<EXPR>NOT connected(Target)</EXPR>
		<DAUGHTERS>
			<GATE>
				<NAME>285</NAME>
			</GATE>
			<GATE>
				<NAME>7</NAME>
			</GATE>
		</DAUGHTERS>
	</GATE>
	<GATE>
		<NAME>285</NAME>
		<TYPE>OU</TYPE>
		<EXPR>NOT (((interruption(link4) = FALSE) AND ((fail(n1) = FALSE) AND (fail(Target) = FALSE))) AND (connected(n1) OR connected(Target)))</EXPR>
		<DAUGHTERS>
			<BASIC_EVENT>
				<OBJECT>n1</OBJECT>
				<FAILURE>fail</FAILURE>
			</BASIC_EVENT>
			<GATE>
				<NAME>308</NAME>
			</GATE>
			<BASIC_EVENT>
				<OBJECT>Target</OBJECT>
				<FAILURE>fail</FAILURE>
			</BASIC_EVENT>
			<BASIC_EVENT>
				<OBJECT>link4</OBJECT>
				<FAILURE>interruption</FAILURE>
			</BASIC_EVENT>
		</DAUGHTERS>
	</GATE>
	<GATE>
		<NAME>308</NAME>
		<LABEL>Not n1 is linked to a source</LABEL>
		<TYPE>ET</TYPE>
		<EXPR>NOT connected(n1)</EXPR>
		<DAUGHTERS>
			<GATE>
				<NAME>421</NAME>
			</GATE>
			<GATE>
				<NAME>309</NAME>
			</GATE>
		</DAUGHTERS>
	</GATE>
	<GATE>
		<NAME>421</NAME>
		<TYPE>OU</TYPE>
		<EXPR>NOT (((interruption(link1) = FALSE) AND ((fail(n1) = FALSE) AND (fail(Source) = FALSE))) AND (connected(n1) OR connected(Source)))</EXPR>
		<DAUGHTERS>
			<BASIC_EVENT>
				<OBJECT>n1</OBJECT>
				<FAILURE>fail</FAILURE>
			</BASIC_EVENT>
			<BASIC_EVENT>
				<OBJECT>Source</OBJECT>
				<FAILURE>fail</FAILURE>
			</BASIC_EVENT>
			<BASIC_EVENT>
				<OBJECT>link1</OBJECT>
				<FAILURE>interruption</FAILURE>
			</BASIC_EVENT>
		</DAUGHTERS>
	</GATE>
	<GATE>
		<NAME>309</NAME>
		<TYPE>OU</TYPE>
		<EXPR>NOT (((interruption(link3) = FALSE) AND ((fail(n1) = FALSE) AND (fail(n2) = FALSE))) AND (connected(n1) OR connected(n2)))</EXPR>
		<DAUGHTERS>
			<BASIC_EVENT>
				<OBJECT>n1</OBJECT>
				<FAILURE>fail</FAILURE>
			</BASIC_EVENT>
			<GATE>
				<NAME>356</NAME>
			</GATE>
			<BASIC_EVENT>
				<OBJECT>n2</OBJECT>
				<FAILURE>fail</FAILURE>
			</BASIC_EVENT>
			<BASIC_EVENT>
				<OBJECT>link3</OBJECT>
				<FAILURE>interruption</FAILURE>
			</BASIC_EVENT>
		</DAUGHTERS>
	</GATE>
	<GATE>
		<NAME>356</NAME>
		<LABEL>Not n2 is linked to a source</LABEL>
		<TYPE>OU</TYPE>
		<EXPR>NOT (((interruption(link2) = FALSE) AND ((fail(Source) = FALSE) AND (fail(n2) = FALSE))) AND (connected(Source) OR connected(n2)))</EXPR>
		<DAUGHTERS>
			<BASIC_EVENT>
				<OBJECT>link2</OBJECT>
				<FAILURE>interruption</FAILURE>
			</BASIC_EVENT>
			<BASIC_EVENT>
				<OBJECT>Source</OBJECT>
				<FAILURE>fail</FAILURE>
			</BASIC_EVENT>
			<BASIC_EVENT>
				<OBJECT>n2</OBJECT>
				<FAILURE>fail</FAILURE>
			</BASIC_EVENT>
		</DAUGHTERS>
	</GATE>
	<GATE>
		<NAME>7</NAME>
		<TYPE>OU</TYPE>
		<EXPR>NOT (((interruption(link5) = FALSE) AND ((fail(n2) = FALSE) AND (fail(Target) = FALSE))) AND (connected(n2) OR connected(Target)))</EXPR>
		<DAUGHTERS>
			<BASIC_EVENT>
				<OBJECT>n2</OBJECT>
				<FAILURE>fail</FAILURE>
			</BASIC_EVENT>
			<GATE>
				<NAME>33</NAME>
			</GATE>
			<BASIC_EVENT>
				<OBJECT>Target</OBJECT>
				<FAILURE>fail</FAILURE>
			</BASIC_EVENT>
			<BASIC_EVENT>
				<OBJECT>link5</OBJECT>
				<FAILURE>interruption</FAILURE>
			</BASIC_EVENT>
		</DAUGHTERS>
	</GATE>
	<GATE>
		<NAME>33</NAME>
		<LABEL>Not n2 is linked to a source</LABEL>
		<TYPE>ET</TYPE>
		<EXPR>NOT connected(n2)</EXPR>
		<DAUGHTERS>
			<GATE>
				<NAME>163</NAME>
			</GATE>
			<GATE>
				<NAME>34</NAME>
			</GATE>
		</DAUGHTERS>
	</GATE>
	<GATE>
		<NAME>163</NAME>
		<TYPE>OU</TYPE>
		<EXPR>NOT (((interruption(link2) = FALSE) AND ((fail(Source) = FALSE) AND (fail(n2) = FALSE))) AND (connected(Source) OR connected(n2)))</EXPR>
		<DAUGHTERS>
			<BASIC_EVENT>
				<OBJECT>link2</OBJECT>
				<FAILURE>interruption</FAILURE>
			</BASIC_EVENT>
			<BASIC_EVENT>
				<OBJECT>Source</OBJECT>
				<FAILURE>fail</FAILURE>
			</BASIC_EVENT>
			<BASIC_EVENT>
				<OBJECT>n2</OBJECT>
				<FAILURE>fail</FAILURE>
			</BASIC_EVENT>
		</DAUGHTERS>
	</GATE>
	<GATE>
		<NAME>34</NAME>
		<TYPE>OU</TYPE>
		<EXPR>NOT (((interruption(link3) = FALSE) AND ((fail(n1) = FALSE) AND (fail(n2) = FALSE))) AND (connected(n1) OR connected(n2)))</EXPR>
		<DAUGHTERS>
			<BASIC_EVENT>
				<OBJECT>n1</OBJECT>
				<FAILURE>fail</FAILURE>
			</BASIC_EVENT>
			<GATE>
				<NAME>86</NAME>
			</GATE>
			<BASIC_EVENT>
				<OBJECT>n2</OBJECT>
				<FAILURE>fail</FAILURE>
			</BASIC_EVENT>
			<BASIC_EVENT>
				<OBJECT>link3</OBJECT>
				<FAILURE>interruption</FAILURE>
			</BASIC_EVENT>
		</DAUGHTERS>
	</GATE>
	<GATE>
		<NAME>86</NAME>
		<LABEL>Not n1 is linked to a source</LABEL>
		<TYPE>OU</TYPE>
		<EXPR>NOT (((interruption(link1) = FALSE) AND ((fail(n1) = FALSE) AND (fail(Source) = FALSE))) AND (connected(n1) OR connected(Source)))</EXPR>
		<DAUGHTERS>
			<BASIC_EVENT>
				<OBJECT>n1</OBJECT>
				<FAILURE>fail</FAILURE>
			</BASIC_EVENT>
			<BASIC_EVENT>
				<OBJECT>Source</OBJECT>
				<FAILURE>fail</FAILURE>
			</BASIC_EVENT>
			<BASIC_EVENT>
				<OBJECT>link1</OBJECT>
				<FAILURE>interruption</FAILURE>
			</BASIC_EVENT>
		</DAUGHTERS>
	</GATE>
</TREE>
