<?xml version= '1.0' encoding='ISO-8859-1' ?>
<ANSWERS>
	<ANSWER>
		<ERROR>
			<CODE>-1</CODE>
			<LABEL>Warning : The rule rule1 is not in a group scope.</LABEL>
			<CRITICITY>MAJOR</CRITICITY>
			<ERROR_ITEM>
				<FILENAME>D:/Modelica/MODELI~2/UseCases/telecom/FIGARO~1.FI</FILENAME>
				<LINE>23</LINE>
				<TEXT_ERROR>During the control of the class node,</TEXT_ERROR>
			</ERROR_ITEM>
			<ERROR_ITEM>
				<FILENAME>D:/Modelica/MODELI~2/UseCases/telecom/FIGARO~1.FI</FILENAME>
				<LINE>47</LINE>
				<TEXT_ERROR>During the control of the interaction rule rule1,</TEXT_ERROR>
			</ERROR_ITEM>
		</ERROR>
		<ERROR>
			<CODE>-1</CODE>
			<LABEL>Warning : The rule rule1 is not in a group scope.</LABEL>
			<CRITICITY>MAJOR</CRITICITY>
			<ERROR_ITEM>
				<FILENAME>D:/Modelica/MODELI~2/UseCases/telecom/FIGARO~1.FI</FILENAME>
				<LINE>51</LINE>
				<TEXT_ERROR>During the control of the class source,</TEXT_ERROR>
			</ERROR_ITEM>
			<ERROR_ITEM>
				<FILENAME>D:/Modelica/MODELI~2/UseCases/telecom/FIGARO~1.FI</FILENAME>
				<LINE>47</LINE>
				<TEXT_ERROR>During the control of the interaction rule rule1,</TEXT_ERROR>
			</ERROR_ITEM>
		</ERROR>
		<ERROR>
			<CODE>-1</CODE>
			<LABEL>Warning : The rule rule1 is not in a group scope.</LABEL>
			<CRITICITY>MAJOR</CRITICITY>
			<ERROR_ITEM>
				<FILENAME>D:/Modelica/MODELI~2/UseCases/telecom/FIGARO~1.FI</FILENAME>
				<LINE>55</LINE>
				<TEXT_ERROR>During the control of the class target,</TEXT_ERROR>
			</ERROR_ITEM>
			<ERROR_ITEM>
				<FILENAME>D:/Modelica/MODELI~2/UseCases/telecom/FIGARO~1.FI</FILENAME>
				<LINE>47</LINE>
				<TEXT_ERROR>During the control of the interaction rule rule1,</TEXT_ERROR>
			</ERROR_ITEM>
		</ERROR>
		<ERROR>
			<CODE>-1</CODE>
			<LABEL>Warning : The rule rule1 is not in a group scope.</LABEL>
			<CRITICITY>MAJOR</CRITICITY>
			<ERROR_ITEM>
				<FILENAME>D:/Modelica/MODELI~2/UseCases/telecom/FIGARO~1.FI</FILENAME>
				<LINE>82</LINE>
				<TEXT_ERROR>During the control of the class mono_dir_link,</TEXT_ERROR>
			</ERROR_ITEM>
			<ERROR_ITEM>
				<FILENAME>D:/Modelica/MODELI~2/UseCases/telecom/FIGARO~1.FI</FILENAME>
				<LINE>87</LINE>
				<TEXT_ERROR>During the control of the interaction rule rule1,</TEXT_ERROR>
			</ERROR_ITEM>
		</ERROR>
		<ERROR>
			<CODE>-1</CODE>
			<LABEL>Warning : The rule rule1 is not in a group scope.</LABEL>
			<CRITICITY>MAJOR</CRITICITY>
			<ERROR_ITEM>
				<FILENAME>D:/Modelica/MODELI~2/UseCases/telecom/FIGARO~1.FI</FILENAME>
				<LINE>91</LINE>
				<TEXT_ERROR>During the control of the class bi_dir_link,</TEXT_ERROR>
			</ERROR_ITEM>
			<ERROR_ITEM>
				<FILENAME>D:/Modelica/MODELI~2/UseCases/telecom/FIGARO~1.FI</FILENAME>
				<LINE>95</LINE>
				<TEXT_ERROR>During the control of the interaction rule rule1,</TEXT_ERROR>
			</ERROR_ITEM>
		</ERROR>
		<BDC_LANGUAGE>en</BDC_LANGUAGE>
	</ANSWER>
	<ANSWER>
		<INFO>
			<LABEL>Info    : Study successfully loaded and verified : 'D:/Modelica/modelica2figaro/UseCases/telecom/FigaroObjects.fi'</LABEL>
		</INFO>
	</ANSWER>
	<ANSWER>
		<ERROR>
			<CODE>-1</CODE>
			<LABEL>Warning : Unknown characters.</LABEL>
			<CRITICITY>MAJOR</CRITICITY>
			<ERROR_ITEM>
				<FILENAME>D:/Modelica/modelica2figaro/UseCases/telecom/FTGenerationParams.xml</FILENAME>
				<LINE>1</LINE>
				<TEXT_ERROR></TEXT_ERROR>
			</ERROR_ITEM>
		</ERROR>
		<INFO>
			<LABEL>Info    : Study successfully instanciated</LABEL>
		</INFO>
		<INFO>
			<LABEL>Info    : FIGARO0 file successfully generated</LABEL>
		</INFO>
		<INFO>
			<LABEL>Info    : Fault tree successfully generated</LABEL>
		</INFO>
	</ANSWER>
</ANSWERS>
