<GEN_TREE_OPTIONS>
	<SIMPLIFICATION>TOTALE</SIMPLIFICATION>
	<COHERENCY>AUCUNE</COHERENCY>
	<UNLOOP>VRAI</UNLOOP>
	<TREE_NAME>Test_generation</TREE_NAME>
	<PREFIX>__ARBRE__</PREFIX>
	<TEST_VARIABLE>
		<OBJECT>Target</OBJECT>
		<VARIABLE>connected</VARIABLE>
	</TEST_VARIABLE>
	<TREE>
		<OBJECT>
			<NAME>link1</NAME>
			<FAILURE>
				<NAME>interruption</NAME>
				<LABEL>The link %OBJECT is broken</LABEL>
				<DEFAULT_MODEL>GLM</DEFAULT_MODEL>
				<FIAB_MODELS>
					<GLM>
						<GAMMA>0</GAMMA>
						<LAMBDA>1e-005</LAMBDA>
						<MU>1</MU>
					</GLM>
				</FIAB_MODELS>
			</FAILURE>
		</OBJECT>
		<OBJECT>
			<NAME>link2</NAME>
			<FAILURE>
				<NAME>interruption</NAME>
				<LABEL>The link %OBJECT is broken</LABEL>
				<DEFAULT_MODEL>GLM</DEFAULT_MODEL>
				<FIAB_MODELS>
					<GLM>
						<GAMMA>0</GAMMA>
						<LAMBDA>1e-005</LAMBDA>
						<MU>1</MU>
					</GLM>
				</FIAB_MODELS>
			</FAILURE>
		</OBJECT>
		<OBJECT>
			<NAME>link3</NAME>
			<FAILURE>
				<NAME>interruption</NAME>
				<LABEL>The link %OBJECT is broken</LABEL>
				<DEFAULT_MODEL>GLM</DEFAULT_MODEL>
				<FIAB_MODELS>
					<GLM>
						<GAMMA>0</GAMMA>
						<LAMBDA>1e-005</LAMBDA>
						<MU>1</MU>
					</GLM>
				</FIAB_MODELS>
			</FAILURE>
		</OBJECT>
		<OBJECT>
			<NAME>link4</NAME>
			<FAILURE>
				<NAME>interruption</NAME>
				<LABEL>The link %OBJECT is broken</LABEL>
				<DEFAULT_MODEL>GLM</DEFAULT_MODEL>
				<FIAB_MODELS>
					<GLM>
						<GAMMA>0</GAMMA>
						<LAMBDA>1e-005</LAMBDA>
						<MU>1</MU>
					</GLM>
				</FIAB_MODELS>
			</FAILURE>
		</OBJECT>
		<OBJECT>
			<NAME>link5</NAME>
			<FAILURE>
				<NAME>interruption</NAME>
				<LABEL>The link %OBJECT is broken</LABEL>
				<DEFAULT_MODEL>GLM</DEFAULT_MODEL>
				<FIAB_MODELS>
					<GLM>
						<GAMMA>0</GAMMA>
						<LAMBDA>1e-005</LAMBDA>
						<MU>1</MU>
					</GLM>
				</FIAB_MODELS>
			</FAILURE>
		</OBJECT>
		<OBJECT>
			<NAME>Source</NAME>
			<FAILURE>
				<NAME>fail</NAME>
				<LABEL>Failure of %OBJECT</LABEL>
				<DEFAULT_MODEL>GLM</DEFAULT_MODEL>
				<FIAB_MODELS>
					<GLM>
						<GAMMA>0</GAMMA>
						<LAMBDA>1e-005</LAMBDA>
						<MU>0.1</MU>
					</GLM>
				</FIAB_MODELS>
			</FAILURE>
		</OBJECT>
		<OBJECT>
			<NAME>n1</NAME>
			<FAILURE>
				<NAME>fail</NAME>
				<LABEL>Failure of %OBJECT</LABEL>
				<DEFAULT_MODEL>GLM</DEFAULT_MODEL>
				<FIAB_MODELS>
					<GLM>
						<GAMMA>0</GAMMA>
						<LAMBDA>1e-005</LAMBDA>
						<MU>0.1</MU>
					</GLM>
				</FIAB_MODELS>
			</FAILURE>
		</OBJECT>
		<OBJECT>
			<NAME>n2</NAME>
			<FAILURE>
				<NAME>fail</NAME>
				<LABEL>Failure of %OBJECT</LABEL>
				<DEFAULT_MODEL>GLM</DEFAULT_MODEL>
				<FIAB_MODELS>
					<GLM>
						<GAMMA>0</GAMMA>
						<LAMBDA>1e-005</LAMBDA>
						<MU>0.1</MU>
					</GLM>
				</FIAB_MODELS>
			</FAILURE>
		</OBJECT>
		<OBJECT>
			<NAME>Target</NAME>
			<FAILURE>
				<NAME>fail</NAME>
				<LABEL>Failure of %OBJECT</LABEL>
				<DEFAULT_MODEL>GLM</DEFAULT_MODEL>
				<FIAB_MODELS>
					<GLM>
						<GAMMA>0</GAMMA>
						<LAMBDA>1e-005</LAMBDA>
						<MU>0.1</MU>
					</GLM>
				</FIAB_MODELS>
			</FAILURE>
		</OBJECT>
	</TREE>
</GEN_TREE_OPTIONS>
