<?xml version= "1.0" encoding="ISO-8859-1" ?>
<TREE_ROOT>
	<NAME>Test_generation</NAME>
	<OBJECT>
		<NAME>addP</NAME>
		<FAILURE>
			<NAME>fail</NAME>
			<LABEL>Failure addP</LABEL>
			<DEFAULT_MODEL>GLM</DEFAULT_MODEL>
			<FIAB_MODELS>
				<GLM>
					<GAMMA>0</GAMMA>
					<LAMBDA>1e-05</LAMBDA>
					<MU>0.1</MU>
				</GLM>
			</FIAB_MODELS>
		</FAILURE>
	</OBJECT>
	<OBJECT>
		<NAME>addD</NAME>
		<FAILURE>
			<NAME>fail</NAME>
			<LABEL>Failure addD</LABEL>
			<DEFAULT_MODEL>GLM</DEFAULT_MODEL>
			<FIAB_MODELS>
				<GLM>
					<GAMMA>0</GAMMA>
					<LAMBDA>1e-05</LAMBDA>
					<MU>0.1</MU>
				</GLM>
			</FIAB_MODELS>
		</FAILURE>
	</OBJECT>
	<OBJECT>
		<NAME>P</NAME>
		<FAILURE>
			<NAME>fail</NAME>
			<LABEL>Failure P</LABEL>
			<DEFAULT_MODEL>GLM</DEFAULT_MODEL>
			<FIAB_MODELS>
				<GLM>
					<GAMMA>0</GAMMA>
					<LAMBDA>1e-05</LAMBDA>
					<MU>0.1</MU>
				</GLM>
			</FIAB_MODELS>
		</FAILURE>
	</OBJECT>
	<OBJECT>
		<NAME>gainPID</NAME>
		<FAILURE>
			<NAME>fail</NAME>
			<LABEL>Failure gainPID</LABEL>
			<DEFAULT_MODEL>GLM</DEFAULT_MODEL>
			<FIAB_MODELS>
				<GLM>
					<GAMMA>0</GAMMA>
					<LAMBDA>1e-05</LAMBDA>
					<MU>0.1</MU>
				</GLM>
			</FIAB_MODELS>
		</FAILURE>
	</OBJECT>
	<OBJECT>
		<NAME>addPID</NAME>
		<FAILURE>
			<NAME>fail</NAME>
			<LABEL>Failure addPID</LABEL>
			<DEFAULT_MODEL>GLM</DEFAULT_MODEL>
			<FIAB_MODELS>
				<GLM>
					<GAMMA>0</GAMMA>
					<LAMBDA>1e-05</LAMBDA>
					<MU>0.1</MU>
				</GLM>
			</FIAB_MODELS>
		</FAILURE>
	</OBJECT>
	<OBJECT>
		<NAME>addI</NAME>
		<FAILURE>
			<NAME>fail</NAME>
			<LABEL>Failure addI</LABEL>
			<DEFAULT_MODEL>GLM</DEFAULT_MODEL>
			<FIAB_MODELS>
				<GLM>
					<GAMMA>0</GAMMA>
					<LAMBDA>1e-05</LAMBDA>
					<MU>0.1</MU>
				</GLM>
			</FIAB_MODELS>
		</FAILURE>
	</OBJECT>
	<OBJECT>
		<NAME>addSat</NAME>
		<FAILURE>
			<NAME>fail</NAME>
			<LABEL>Failure addSat</LABEL>
			<DEFAULT_MODEL>GLM</DEFAULT_MODEL>
			<FIAB_MODELS>
				<GLM>
					<GAMMA>0</GAMMA>
					<LAMBDA>1e-05</LAMBDA>
					<MU>0.1</MU>
				</GLM>
			</FIAB_MODELS>
		</FAILURE>
	</OBJECT>
	<OBJECT>
		<NAME>gainTrack</NAME>
		<FAILURE>
			<NAME>fail</NAME>
			<LABEL>Failure gainTrack</LABEL>
			<DEFAULT_MODEL>GLM</DEFAULT_MODEL>
			<FIAB_MODELS>
				<GLM>
					<GAMMA>0</GAMMA>
					<LAMBDA>1e-05</LAMBDA>
					<MU>0.1</MU>
				</GLM>
			</FIAB_MODELS>
		</FAILURE>
	</OBJECT>
	<OBJECT>
		<NAME>figarolimiter1</NAME>
		<FAILURE>
			<NAME>fail</NAME>
			<LABEL>Failure figarolimiter1</LABEL>
			<DEFAULT_MODEL>GLM</DEFAULT_MODEL>
			<FIAB_MODELS>
				<GLM>
					<GAMMA>0</GAMMA>
					<LAMBDA>1e-05</LAMBDA>
					<MU>0.1</MU>
				</GLM>
			</FIAB_MODELS>
		</FAILURE>
	</OBJECT>
	<GATE>
		<TREE>Test_generation</TREE>
		<NAME>loss</NAME>
		<LABEL>Loss of gainPID</LABEL>
		<PAGE>EI</PAGE>
		<TYPE>OU</TYPE>
		<EXPR>loss(gainPID)</EXPR>
		<DAUGHTERS>
			<GATE_REF>
				<TREE>Test_generation</TREE>
				<NAME>9</NAME>
			</GATE_REF>
			<BASIC_EVENT_REF>
				<OBJECT_NAME>gainPID</OBJECT_NAME>
				<FAILURE_NAME>fail</FAILURE_NAME>
			</BASIC_EVENT_REF>
		</DAUGHTERS>
	</GATE>
	<GATE>
		<TREE>Test_generation</TREE>
		<NAME>9</NAME>
		<LABEL>Loss of addPID</LABEL>
		<TYPE>OU</TYPE>
		<EXPR>loss(addPID)</EXPR>
		<DAUGHTERS>
			<BASIC_EVENT_REF>
				<OBJECT_NAME>addD</OBJECT_NAME>
				<FAILURE_NAME>fail</FAILURE_NAME>
			</BASIC_EVENT_REF>
			<BASIC_EVENT_REF>
				<OBJECT_NAME>addPID</OBJECT_NAME>
				<FAILURE_NAME>fail</FAILURE_NAME>
			</BASIC_EVENT_REF>
			<GATE_REF>
				<TREE>Test_generation</TREE>
				<NAME>25</NAME>
			</GATE_REF>
			<GATE_REF>
				<TREE>Test_generation</TREE>
				<NAME>45</NAME>
			</GATE_REF>
		</DAUGHTERS>
	</GATE>
	<GATE>
		<TREE>Test_generation</TREE>
		<NAME>25</NAME>
		<LABEL>Loss of P</LABEL>
		<TYPE>OU</TYPE>
		<EXPR>loss(P)</EXPR>
		<DAUGHTERS>
			<BASIC_EVENT_REF>
				<OBJECT_NAME>addP</OBJECT_NAME>
				<FAILURE_NAME>fail</FAILURE_NAME>
			</BASIC_EVENT_REF>
			<BASIC_EVENT_REF>
				<OBJECT_NAME>P</OBJECT_NAME>
				<FAILURE_NAME>fail</FAILURE_NAME>
			</BASIC_EVENT_REF>
		</DAUGHTERS>
	</GATE>
	<GATE>
		<TREE>Test_generation</TREE>
		<NAME>45</NAME>
		<LABEL>Loss of addI</LABEL>
		<TYPE>OU</TYPE>
		<EXPR>loss(addI)</EXPR>
		<DAUGHTERS>
			<GATE_REF>
				<TREE>Test_generation</TREE>
				<NAME>51</NAME>
			</GATE_REF>
			<BASIC_EVENT_REF>
				<OBJECT_NAME>addI</OBJECT_NAME>
				<FAILURE_NAME>fail</FAILURE_NAME>
			</BASIC_EVENT_REF>
		</DAUGHTERS>
	</GATE>
	<GATE>
		<TREE>Test_generation</TREE>
		<NAME>51</NAME>
		<LABEL>Loss of gainTrack</LABEL>
		<TYPE>OU</TYPE>
		<EXPR>loss(gainTrack)</EXPR>
		<DAUGHTERS>
			<GATE_REF>
				<TREE>Test_generation</TREE>
				<NAME>57</NAME>
			</GATE_REF>
			<BASIC_EVENT_REF>
				<OBJECT_NAME>gainTrack</OBJECT_NAME>
				<FAILURE_NAME>fail</FAILURE_NAME>
			</BASIC_EVENT_REF>
		</DAUGHTERS>
	</GATE>
	<GATE>
		<TREE>Test_generation</TREE>
		<NAME>57</NAME>
		<LABEL>Loss of addSat</LABEL>
		<TYPE>OU</TYPE>
		<EXPR>loss(addSat)</EXPR>
		<DAUGHTERS>
			<BASIC_EVENT_REF>
				<OBJECT_NAME>figarolimiter1</OBJECT_NAME>
				<FAILURE_NAME>fail</FAILURE_NAME>
			</BASIC_EVENT_REF>
			<BASIC_EVENT_REF>
				<OBJECT_NAME>addSat</OBJECT_NAME>
				<FAILURE_NAME>fail</FAILURE_NAME>
			</BASIC_EVENT_REF>
		</DAUGHTERS>
	</GATE>
</TREE_ROOT>
