<REQUESTS>
  

<LOAD_BDC_FI>
    <FILE_FI>C:/Users/Marc/Documents/_DD3/Modelica2Figaro_Tutorial/M2F_Tutorial/4_tutorial_examples/PID_controller/Digraph.fi</FILE_FI>
</LOAD_BDC_FI>


<LOAD_BDF_FI>
    <FILE>C:\Users\Marc\Documents\_DD3\Modelica2Figaro_Tutorial\M2F_Tutorial\4_tutorial_examples\PID_controller/FigaroObjects.fi</FILE>
</LOAD_BDF_FI>
<RUN_TREATMENT>
    <TREATMENT>GENERATE_FIG0</TREATMENT>
    <FILE>C:\Users\Marc\Documents\_DD3\Modelica2Figaro_Tutorial\M2F_Tutorial\4_tutorial_examples\PID_controller/Figaro0.fi</FILE>
    <RESOLVE_CONST>VRAI</RESOLVE_CONST>
    <RESOLVE_ATTR>FAUX</RESOLVE_ATTR>
    <INST_RULE>VRAI</INST_RULE>
</RUN_TREATMENT>
</REQUESTS>