<?xml version= "1.0" encoding="ISO-8859-1" ?>
<TREE_ROOT>
	<NAME>SRIN4_v3</NAME>
	<OBJECT>
		<NAME>VanneSerie1</NAME>
		<FAILURE>
			<NAME>CF</NAME>
			<LABEL>Valve VanneSerie1 forgotten in closed position</LABEL>
			<DEFAULT_MODEL>G</DEFAULT_MODEL>
			<FIAB_MODELS>
				<G>
					<GAMMA>0.001</GAMMA>
				</G>
			</FIAB_MODELS>
		</FAILURE>
		<FAILURE>
			<NAME>FO</NAME>
			<LABEL>Failure to open of valve VanneSerie1</LABEL>
			<DEFAULT_MODEL>G</DEFAULT_MODEL>
			<FIAB_MODELS>
				<G>
					<GAMMA>0.001</GAMMA>
				</G>
			</FIAB_MODELS>
		</FAILURE>
		<FAILURE>
			<NAME>FDSP</NAME>
			<LABEL>Failure on demand of switch of VanneSerie1</LABEL>
			<DEFAULT_MODEL>G</DEFAULT_MODEL>
			<FIAB_MODELS>
				<G>
					<GAMMA>0.001</GAMMA>
				</G>
			</FIAB_MODELS>
		</FAILURE>
	</OBJECT>
	<OBJECT>
		<NAME>VanneSerie2</NAME>
		<FAILURE>
			<NAME>CF</NAME>
			<LABEL>Valve VanneSerie2 forgotten in closed position</LABEL>
			<DEFAULT_MODEL>G</DEFAULT_MODEL>
			<FIAB_MODELS>
				<G>
					<GAMMA>0.001</GAMMA>
				</G>
			</FIAB_MODELS>
		</FAILURE>
		<FAILURE>
			<NAME>FO</NAME>
			<LABEL>Failure to open of valve VanneSerie2</LABEL>
			<DEFAULT_MODEL>G</DEFAULT_MODEL>
			<FIAB_MODELS>
				<G>
					<GAMMA>0.001</GAMMA>
				</G>
			</FIAB_MODELS>
		</FAILURE>
		<FAILURE>
			<NAME>FDSP</NAME>
			<LABEL>Failure on demand of switch of VanneSerie2</LABEL>
			<DEFAULT_MODEL>G</DEFAULT_MODEL>
			<FIAB_MODELS>
				<G>
					<GAMMA>0.001</GAMMA>
				</G>
			</FIAB_MODELS>
		</FAILURE>
	</OBJECT>
	<OBJECT>
		<NAME>VanneBypass</NAME>
		<FAILURE>
			<NAME>CF</NAME>
			<LABEL>Valve VanneBypass forgotten in closed position</LABEL>
			<DEFAULT_MODEL>G</DEFAULT_MODEL>
			<FIAB_MODELS>
				<G>
					<GAMMA>0.001</GAMMA>
				</G>
			</FIAB_MODELS>
		</FAILURE>
		<FAILURE>
			<NAME>FO</NAME>
			<LABEL>Failure to open of valve VanneBypass</LABEL>
			<DEFAULT_MODEL>G</DEFAULT_MODEL>
			<FIAB_MODELS>
				<G>
					<GAMMA>0.001</GAMMA>
				</G>
			</FIAB_MODELS>
		</FAILURE>
		<FAILURE>
			<NAME>FDSP</NAME>
			<LABEL>Failure on demand of switch of VanneBypass</LABEL>
			<DEFAULT_MODEL>G</DEFAULT_MODEL>
			<FIAB_MODELS>
				<G>
					<GAMMA>0.001</GAMMA>
				</G>
			</FIAB_MODELS>
		</FAILURE>
	</OBJECT>
	<OBJECT>
		<NAME>ClapetDP0_1</NAME>
		<FAILURE>
			<NAME>FO</NAME>
			<LABEL>Failure to open of check-valve ClapetDP0_1</LABEL>
			<DEFAULT_MODEL>G</DEFAULT_MODEL>
			<FIAB_MODELS>
				<G>
					<GAMMA>0.001</GAMMA>
				</G>
			</FIAB_MODELS>
		</FAILURE>
	</OBJECT>
	<OBJECT>
		<NAME>ClapetDP0_2</NAME>
		<FAILURE>
			<NAME>FO</NAME>
			<LABEL>Failure to open of check-valve ClapetDP0_2</LABEL>
			<DEFAULT_MODEL>G</DEFAULT_MODEL>
			<FIAB_MODELS>
				<G>
					<GAMMA>0.001</GAMMA>
				</G>
			</FIAB_MODELS>
		</FAILURE>
	</OBJECT>
	<OBJECT>
		<NAME>ClapetDP0_3</NAME>
		<FAILURE>
			<NAME>FO</NAME>
			<LABEL>Failure to open of check-valve ClapetDP0_3</LABEL>
			<DEFAULT_MODEL>G</DEFAULT_MODEL>
			<FIAB_MODELS>
				<G>
					<GAMMA>0.001</GAMMA>
				</G>
			</FIAB_MODELS>
		</FAILURE>
	</OBJECT>
	<OBJECT>
		<NAME>PompeCentrifugeDyn1</NAME>
		<FAILURE>
			<NAME>FD</NAME>
			<LABEL>Failure on demand of pump PompeCentrifugeDyn1</LABEL>
			<DEFAULT_MODEL>G</DEFAULT_MODEL>
			<FIAB_MODELS>
				<G>
					<GAMMA>0.001</GAMMA>
				</G>
			</FIAB_MODELS>
		</FAILURE>
		<FAILURE>
			<NAME>FO</NAME>
			<LABEL>Failure in operation of pump PompeCentrifugeDyn1</LABEL>
			<DEFAULT_MODEL>GLM</DEFAULT_MODEL>
			<FIAB_MODELS>
				<GLM>
					<GAMMA>0</GAMMA>
					<LAMBDA>2e-05</LAMBDA>
					<MU>0</MU>
				</GLM>
			</FIAB_MODELS>
		</FAILURE>
		<FAILURE>
			<NAME>FDSP</NAME>
			<LABEL>Failure on demand of switch of PompeCentrifugeDyn1</LABEL>
			<DEFAULT_MODEL>G</DEFAULT_MODEL>
			<FIAB_MODELS>
				<G>
					<GAMMA>0.001</GAMMA>
				</G>
			</FIAB_MODELS>
		</FAILURE>
		<FAILURE>
			<NAME>FOSP</NAME>
			<LABEL>Failure in operation of switch of PompeCentrifugeDyn1</LABEL>
			<DEFAULT_MODEL>GLM</DEFAULT_MODEL>
			<FIAB_MODELS>
				<GLM>
					<GAMMA>0</GAMMA>
					<LAMBDA>2e-05</LAMBDA>
					<MU>0</MU>
				</GLM>
			</FIAB_MODELS>
		</FAILURE>
		<FAILURE>
			<NAME>FDMO</NAME>
			<LABEL>Failure on demand of motor of PompeCentrifugeDyn1</LABEL>
			<DEFAULT_MODEL>G</DEFAULT_MODEL>
			<FIAB_MODELS>
				<G>
					<GAMMA>0.001</GAMMA>
				</G>
			</FIAB_MODELS>
		</FAILURE>
		<FAILURE>
			<NAME>FOMO</NAME>
			<LABEL>Failure in operation of motor of PompeCentrifugeDyn1</LABEL>
			<DEFAULT_MODEL>GLM</DEFAULT_MODEL>
			<FIAB_MODELS>
				<GLM>
					<GAMMA>0</GAMMA>
					<LAMBDA>2e-05</LAMBDA>
					<MU>0</MU>
				</GLM>
			</FIAB_MODELS>
		</FAILURE>
	</OBJECT>
	<OBJECT>
		<NAME>PompeCentrifugeDyn2</NAME>
		<FAILURE>
			<NAME>FD</NAME>
			<LABEL>Failure on demand of pump PompeCentrifugeDyn2</LABEL>
			<DEFAULT_MODEL>G</DEFAULT_MODEL>
			<FIAB_MODELS>
				<G>
					<GAMMA>0.001</GAMMA>
				</G>
			</FIAB_MODELS>
		</FAILURE>
		<FAILURE>
			<NAME>FO</NAME>
			<LABEL>Failure in operation of pump PompeCentrifugeDyn2</LABEL>
			<DEFAULT_MODEL>GLM</DEFAULT_MODEL>
			<FIAB_MODELS>
				<GLM>
					<GAMMA>0</GAMMA>
					<LAMBDA>2e-05</LAMBDA>
					<MU>0</MU>
				</GLM>
			</FIAB_MODELS>
		</FAILURE>
		<FAILURE>
			<NAME>FDSP</NAME>
			<LABEL>Failure on demand of switch of PompeCentrifugeDyn2</LABEL>
			<DEFAULT_MODEL>G</DEFAULT_MODEL>
			<FIAB_MODELS>
				<G>
					<GAMMA>0.001</GAMMA>
				</G>
			</FIAB_MODELS>
		</FAILURE>
		<FAILURE>
			<NAME>FOSP</NAME>
			<LABEL>Failure in operation of switch of PompeCentrifugeDyn2</LABEL>
			<DEFAULT_MODEL>GLM</DEFAULT_MODEL>
			<FIAB_MODELS>
				<GLM>
					<GAMMA>0</GAMMA>
					<LAMBDA>2e-05</LAMBDA>
					<MU>0</MU>
				</GLM>
			</FIAB_MODELS>
		</FAILURE>
		<FAILURE>
			<NAME>FDMO</NAME>
			<LABEL>Failure on demand of motor of PompeCentrifugeDyn2</LABEL>
			<DEFAULT_MODEL>G</DEFAULT_MODEL>
			<FIAB_MODELS>
				<G>
					<GAMMA>0.001</GAMMA>
				</G>
			</FIAB_MODELS>
		</FAILURE>
		<FAILURE>
			<NAME>FOMO</NAME>
			<LABEL>Failure in operation of motor of PompeCentrifugeDyn2</LABEL>
			<DEFAULT_MODEL>GLM</DEFAULT_MODEL>
			<FIAB_MODELS>
				<GLM>
					<GAMMA>0</GAMMA>
					<LAMBDA>2e-05</LAMBDA>
					<MU>0</MU>
				</GLM>
			</FIAB_MODELS>
		</FAILURE>
	</OBJECT>
	<OBJECT>
		<NAME>PompeCentrifugeDyn3</NAME>
		<FAILURE>
			<NAME>FD</NAME>
			<LABEL>Failure on demand of pump PompeCentrifugeDyn3</LABEL>
			<DEFAULT_MODEL>G</DEFAULT_MODEL>
			<FIAB_MODELS>
				<G>
					<GAMMA>0.001</GAMMA>
				</G>
			</FIAB_MODELS>
		</FAILURE>
		<FAILURE>
			<NAME>FO</NAME>
			<LABEL>Failure in operation of pump PompeCentrifugeDyn3</LABEL>
			<DEFAULT_MODEL>GLM</DEFAULT_MODEL>
			<FIAB_MODELS>
				<GLM>
					<GAMMA>0</GAMMA>
					<LAMBDA>2e-05</LAMBDA>
					<MU>0</MU>
				</GLM>
			</FIAB_MODELS>
		</FAILURE>
		<FAILURE>
			<NAME>FDSP</NAME>
			<LABEL>Failure on demand of switch of PompeCentrifugeDyn3</LABEL>
			<DEFAULT_MODEL>G</DEFAULT_MODEL>
			<FIAB_MODELS>
				<G>
					<GAMMA>0.001</GAMMA>
				</G>
			</FIAB_MODELS>
		</FAILURE>
		<FAILURE>
			<NAME>FOSP</NAME>
			<LABEL>Failure in operation of switch of PompeCentrifugeDyn3</LABEL>
			<DEFAULT_MODEL>GLM</DEFAULT_MODEL>
			<FIAB_MODELS>
				<GLM>
					<GAMMA>0</GAMMA>
					<LAMBDA>2e-05</LAMBDA>
					<MU>0</MU>
				</GLM>
			</FIAB_MODELS>
		</FAILURE>
		<FAILURE>
			<NAME>FDMO</NAME>
			<LABEL>Failure on demand of motor of PompeCentrifugeDyn3</LABEL>
			<DEFAULT_MODEL>G</DEFAULT_MODEL>
			<FIAB_MODELS>
				<G>
					<GAMMA>0.001</GAMMA>
				</G>
			</FIAB_MODELS>
		</FAILURE>
		<FAILURE>
			<NAME>FOMO</NAME>
			<LABEL>Failure in operation of motor of PompeCentrifugeDyn3</LABEL>
			<DEFAULT_MODEL>GLM</DEFAULT_MODEL>
			<FIAB_MODELS>
				<GLM>
					<GAMMA>0</GAMMA>
					<LAMBDA>2e-05</LAMBDA>
					<MU>0</MU>
				</GLM>
			</FIAB_MODELS>
		</FAILURE>
	</OBJECT>
	<OBJECT>
		<NAME>VanneTOR0_1</NAME>
		<FAILURE>
			<NAME>CF</NAME>
			<LABEL>Valve VanneTOR0_1 forgotten in closed position</LABEL>
			<DEFAULT_MODEL>G</DEFAULT_MODEL>
			<FIAB_MODELS>
				<G>
					<GAMMA>0.001</GAMMA>
				</G>
			</FIAB_MODELS>
		</FAILURE>
		<FAILURE>
			<NAME>FO</NAME>
			<LABEL>Failure to open of valve VanneTOR0_1</LABEL>
			<DEFAULT_MODEL>G</DEFAULT_MODEL>
			<FIAB_MODELS>
				<G>
					<GAMMA>0.001</GAMMA>
				</G>
			</FIAB_MODELS>
		</FAILURE>
	</OBJECT>
	<OBJECT>
		<NAME>VanneTOR0_2</NAME>
		<FAILURE>
			<NAME>CF</NAME>
			<LABEL>Valve VanneTOR0_2 forgotten in closed position</LABEL>
			<DEFAULT_MODEL>G</DEFAULT_MODEL>
			<FIAB_MODELS>
				<G>
					<GAMMA>0.001</GAMMA>
				</G>
			</FIAB_MODELS>
		</FAILURE>
		<FAILURE>
			<NAME>FO</NAME>
			<LABEL>Failure to open of valve VanneTOR0_2</LABEL>
			<DEFAULT_MODEL>G</DEFAULT_MODEL>
			<FIAB_MODELS>
				<G>
					<GAMMA>0.001</GAMMA>
				</G>
			</FIAB_MODELS>
		</FAILURE>
	</OBJECT>
	<OBJECT>
		<NAME>Bache1</NAME>
		<FAILURE>
			<NAME>FO</NAME>
			<LABEL>Failure in operation of tank Bache1</LABEL>
			<DEFAULT_MODEL>GLM</DEFAULT_MODEL>
			<FIAB_MODELS>
				<GLM>
					<GAMMA>0</GAMMA>
					<LAMBDA>2e-05</LAMBDA>
					<MU>0</MU>
				</GLM>
			</FIAB_MODELS>
		</FAILURE>
		<FAILURE>
			<NAME>PD</NAME>
			<LABEL>Plugging on demand of tank Bache1</LABEL>
			<DEFAULT_MODEL>G</DEFAULT_MODEL>
			<FIAB_MODELS>
				<G>
					<GAMMA>0.001</GAMMA>
				</G>
			</FIAB_MODELS>
		</FAILURE>
	</OBJECT>
	<GATE>
		<TREE>SRIN4_v3</TREE>
		<NAME>loss</NAME>
		<LABEL>Loss of fluid in tester test_loss_fluid_1</LABEL>
		<PAGE>EI</PAGE>
		<TYPE>ET</TYPE>
		<EXPR>NOT ((NOT fluid_loss(BO_ClapetDP0_1) OR NOT fluid_loss(BO_ClapetDP0_2)) OR NOT fluid_loss(BO_ClapetDP0_3))</EXPR>
		<DAUGHTERS>
			<GATE_REF>
				<TREE>SRIN4_v3</TREE>
				<NAME>4835</NAME>
			</GATE_REF>
			<GATE_REF>
				<TREE>SRIN4_v3</TREE>
				<NAME>5034</NAME>
			</GATE_REF>
			<GATE_REF>
				<TREE>SRIN4_v3</TREE>
				<NAME>1714</NAME>
			</GATE_REF>
		</DAUGHTERS>
	</GATE>
	<GATE>
		<TREE>SRIN4_v3</TREE>
		<NAME>4835</NAME>
		<LABEL>Loss of fluid in block including BO_ClapetDP0_2</LABEL>
		<TYPE>OU</TYPE>
		<EXPR>fluid_loss(BO_ClapetDP0_2)</EXPR>
		<DAUGHTERS>
			<GATE_REF>
				<TREE>SRIN4_v3</TREE>
				<NAME>4936</NAME>
			</GATE_REF>
			<GATE_REF>
				<TREE>SRIN4_v3</TREE>
				<NAME>4841</NAME>
			</GATE_REF>
		</DAUGHTERS>
	</GATE>
	<GATE>
		<TREE>SRIN4_v3</TREE>
		<NAME>4936</NAME>
		<LABEL>Obstruction in block including BO_ClapetDP0_2</LABEL>
		<TYPE>OU</TYPE>
		<EXPR>internal_obstruction(ClapetDP0_2) OR internal_obstruction(PompeCentrifugeDyn1)</EXPR>
		<DAUGHTERS>
			<BASIC_EVENT_REF>
				<OBJECT_NAME>ClapetDP0_2</OBJECT_NAME>
				<FAILURE_NAME>FO</FAILURE_NAME>
			</BASIC_EVENT_REF>
			<GATE_REF>
				<TREE>SRIN4_v3</TREE>
				<NAME>4961</NAME>
			</GATE_REF>
		</DAUGHTERS>
	</GATE>
	<GATE>
		<TREE>SRIN4_v3</TREE>
		<NAME>4961</NAME>
		<LABEL> Obstruction of pump PompeCentrifugeDyn1</LABEL>
		<PAGE>STD</PAGE>
		<TYPE>OU</TYPE>
		<EXPR>obs_on_demand(PompeCentrifugeDyn1) OR obs_in_operation(PompeCentrifugeDyn1)</EXPR>
		<DAUGHTERS>
			<GATE_REF>
				<TREE>SRIN4_v3</TREE>
				<NAME>4965</NAME>
			</GATE_REF>
			<GATE_REF>
				<TREE>SRIN4_v3</TREE>
				<NAME>4995</NAME>
			</GATE_REF>
		</DAUGHTERS>
	</GATE>
	<GATE>
		<TREE>SRIN4_v3</TREE>
		<NAME>4965</NAME>
		<LABEL>Failure to start of pump PompeCentrifugeDyn1</LABEL>
		<TYPE>OU</TYPE>
		<EXPR>failure_to_start(PompeCentrifugeDyn1)</EXPR>
		<DAUGHTERS>
			<BASIC_EVENT_REF>
				<OBJECT_NAME>PompeCentrifugeDyn1</OBJECT_NAME>
				<FAILURE_NAME>FD</FAILURE_NAME>
			</BASIC_EVENT_REF>
			<BASIC_EVENT_REF>
				<OBJECT_NAME>PompeCentrifugeDyn1</OBJECT_NAME>
				<FAILURE_NAME>FDSP</FAILURE_NAME>
			</BASIC_EVENT_REF>
			<BASIC_EVENT_REF>
				<OBJECT_NAME>PompeCentrifugeDyn1</OBJECT_NAME>
				<FAILURE_NAME>FDMO</FAILURE_NAME>
			</BASIC_EVENT_REF>
		</DAUGHTERS>
	</GATE>
	<GATE>
		<TREE>SRIN4_v3</TREE>
		<NAME>4995</NAME>
		<LABEL>Obstruction in operation of PompeCentrifugeDyn1 </LABEL>
		<TYPE>OU</TYPE>
		<EXPR>obs_in_operation(PompeCentrifugeDyn1)</EXPR>
		<DAUGHTERS>
			<BASIC_EVENT_REF>
				<OBJECT_NAME>PompeCentrifugeDyn1</OBJECT_NAME>
				<FAILURE_NAME>FO</FAILURE_NAME>
			</BASIC_EVENT_REF>
			<BASIC_EVENT_REF>
				<OBJECT_NAME>PompeCentrifugeDyn1</OBJECT_NAME>
				<FAILURE_NAME>FOSP</FAILURE_NAME>
			</BASIC_EVENT_REF>
			<BASIC_EVENT_REF>
				<OBJECT_NAME>PompeCentrifugeDyn1</OBJECT_NAME>
				<FAILURE_NAME>FOMO</FAILURE_NAME>
			</BASIC_EVENT_REF>
		</DAUGHTERS>
	</GATE>
	<GATE>
		<TREE>SRIN4_v3</TREE>
		<NAME>4841</NAME>
		<LABEL>Loss of fluid in block including BO_VolumeA2</LABEL>
		<TYPE>ET</TYPE>
		<EXPR>NOT (((NOT fluid_loss(BO_VanneSerie1) OR NOT fluid_loss(BO_VanneSerie2)) OR NOT fluid_loss(BO_VanneBypass)) OR NOT fluid_loss(BO_Bache1))</EXPR>
		<DAUGHTERS>
			<GATE_REF>
				<TREE>SRIN4_v3</TREE>
				<NAME>1779</NAME>
			</GATE_REF>
			<GATE_REF>
				<TREE>SRIN4_v3</TREE>
				<NAME>4674</NAME>
			</GATE_REF>
			<GATE_REF>
				<TREE>SRIN4_v3</TREE>
				<NAME>2927</NAME>
			</GATE_REF>
			<GATE_REF>
				<TREE>SRIN4_v3</TREE>
				<NAME>4081</NAME>
			</GATE_REF>
		</DAUGHTERS>
	</GATE>
	<GATE>
		<TREE>SRIN4_v3</TREE>
		<NAME>1779</NAME>
		<LABEL>Obstruction in block including BO_VanneSerie1</LABEL>
		<PAGE>STD</PAGE>
		<TYPE>OU</TYPE>
		<EXPR>(internal_obstruction(VanneSerie1) OR internal_obstruction(EchangeurAPlaques1D1)) OR internal_obstruction(VanneTOR0_1)</EXPR>
		<DAUGHTERS>
			<GATE_REF>
				<TREE>SRIN4_v3</TREE>
				<NAME>1788</NAME>
			</GATE_REF>
			<GATE_REF>
				<TREE>SRIN4_v3</TREE>
				<NAME>2320</NAME>
			</GATE_REF>
		</DAUGHTERS>
	</GATE>
	<GATE>
		<TREE>SRIN4_v3</TREE>
		<NAME>1788</NAME>
		<LABEL>Obstruction on demand of VanneSerie1</LABEL>
		<PAGE>STD</PAGE>
		<TYPE>ET</TYPE>
		<EXPR>CF(VanneSerie1) AND failure_to_open(VanneSerie1)</EXPR>
		<DAUGHTERS>
			<BASIC_EVENT_REF>
				<OBJECT_NAME>VanneSerie1</OBJECT_NAME>
				<FAILURE_NAME>CF</FAILURE_NAME>
			</BASIC_EVENT_REF>
			<GATE_REF>
				<TREE>SRIN4_v3</TREE>
				<NAME>1797</NAME>
			</GATE_REF>
		</DAUGHTERS>
	</GATE>
	<GATE>
		<TREE>SRIN4_v3</TREE>
		<NAME>1797</NAME>
		<LABEL>Failure to open of valve VanneSerie1</LABEL>
		<TYPE>OU</TYPE>
		<EXPR>FO_mov_supplies(VanneSerie1) OR FO(VanneSerie1)</EXPR>
		<DAUGHTERS>
			<BASIC_EVENT_REF>
				<OBJECT_NAME>VanneSerie1</OBJECT_NAME>
				<FAILURE_NAME>FDSP</FAILURE_NAME>
			</BASIC_EVENT_REF>
			<BASIC_EVENT_REF>
				<OBJECT_NAME>VanneSerie1</OBJECT_NAME>
				<FAILURE_NAME>FO</FAILURE_NAME>
			</BASIC_EVENT_REF>
		</DAUGHTERS>
	</GATE>
	<GATE>
		<TREE>SRIN4_v3</TREE>
		<NAME>2320</NAME>
		<LABEL>Obstruction on demand of VanneTOR0_1</LABEL>
		<PAGE>STD</PAGE>
		<TYPE>ET</TYPE>
		<EXPR>CF(VanneTOR0_1) AND failure_to_open(VanneTOR0_1)</EXPR>
		<DAUGHTERS>
			<BASIC_EVENT_REF>
				<OBJECT_NAME>VanneTOR0_1</OBJECT_NAME>
				<FAILURE_NAME>CF</FAILURE_NAME>
			</BASIC_EVENT_REF>
			<BASIC_EVENT_REF>
				<OBJECT_NAME>VanneTOR0_1</OBJECT_NAME>
				<FAILURE_NAME>FO</FAILURE_NAME>
			</BASIC_EVENT_REF>
		</DAUGHTERS>
	</GATE>
	<GATE>
		<TREE>SRIN4_v3</TREE>
		<NAME>4674</NAME>
		<LABEL>Obstruction of Bache1</LABEL>
		<PAGE>STD</PAGE>
		<TYPE>OU</TYPE>
		<EXPR>obs_on_demand(Bache1) OR obs_in_operation(Bache1)</EXPR>
		<DAUGHTERS>
			<BASIC_EVENT_REF>
				<OBJECT_NAME>Bache1</OBJECT_NAME>
				<FAILURE_NAME>PD</FAILURE_NAME>
			</BASIC_EVENT_REF>
			<BASIC_EVENT_REF>
				<OBJECT_NAME>Bache1</OBJECT_NAME>
				<FAILURE_NAME>FO</FAILURE_NAME>
			</BASIC_EVENT_REF>
		</DAUGHTERS>
	</GATE>
	<GATE>
		<TREE>SRIN4_v3</TREE>
		<NAME>2927</NAME>
		<LABEL>Obstruction in block including BO_VanneSerie2</LABEL>
		<PAGE>STD</PAGE>
		<TYPE>OU</TYPE>
		<EXPR>(internal_obstruction(VanneSerie2) OR internal_obstruction(EchangeurAPlaques1D2)) OR internal_obstruction(VanneTOR0_2)</EXPR>
		<DAUGHTERS>
			<GATE_REF>
				<TREE>SRIN4_v3</TREE>
				<NAME>2936</NAME>
			</GATE_REF>
			<GATE_REF>
				<TREE>SRIN4_v3</TREE>
				<NAME>3467</NAME>
			</GATE_REF>
		</DAUGHTERS>
	</GATE>
	<GATE>
		<TREE>SRIN4_v3</TREE>
		<NAME>2936</NAME>
		<LABEL>Obstruction on demand of VanneSerie2</LABEL>
		<PAGE>STD</PAGE>
		<TYPE>ET</TYPE>
		<EXPR>CF(VanneSerie2) AND failure_to_open(VanneSerie2)</EXPR>
		<DAUGHTERS>
			<BASIC_EVENT_REF>
				<OBJECT_NAME>VanneSerie2</OBJECT_NAME>
				<FAILURE_NAME>CF</FAILURE_NAME>
			</BASIC_EVENT_REF>
			<GATE_REF>
				<TREE>SRIN4_v3</TREE>
				<NAME>2945</NAME>
			</GATE_REF>
		</DAUGHTERS>
	</GATE>
	<GATE>
		<TREE>SRIN4_v3</TREE>
		<NAME>2945</NAME>
		<LABEL>Failure to open of valve VanneSerie2</LABEL>
		<TYPE>OU</TYPE>
		<EXPR>FO_mov_supplies(VanneSerie2) OR FO(VanneSerie2)</EXPR>
		<DAUGHTERS>
			<BASIC_EVENT_REF>
				<OBJECT_NAME>VanneSerie2</OBJECT_NAME>
				<FAILURE_NAME>FDSP</FAILURE_NAME>
			</BASIC_EVENT_REF>
			<BASIC_EVENT_REF>
				<OBJECT_NAME>VanneSerie2</OBJECT_NAME>
				<FAILURE_NAME>FO</FAILURE_NAME>
			</BASIC_EVENT_REF>
		</DAUGHTERS>
	</GATE>
	<GATE>
		<TREE>SRIN4_v3</TREE>
		<NAME>3467</NAME>
		<LABEL>Obstruction on demand of VanneTOR0_2</LABEL>
		<PAGE>STD</PAGE>
		<TYPE>ET</TYPE>
		<EXPR>CF(VanneTOR0_2) AND failure_to_open(VanneTOR0_2)</EXPR>
		<DAUGHTERS>
			<BASIC_EVENT_REF>
				<OBJECT_NAME>VanneTOR0_2</OBJECT_NAME>
				<FAILURE_NAME>CF</FAILURE_NAME>
			</BASIC_EVENT_REF>
			<BASIC_EVENT_REF>
				<OBJECT_NAME>VanneTOR0_2</OBJECT_NAME>
				<FAILURE_NAME>FO</FAILURE_NAME>
			</BASIC_EVENT_REF>
		</DAUGHTERS>
	</GATE>
	<GATE>
		<TREE>SRIN4_v3</TREE>
		<NAME>4081</NAME>
		<LABEL>Obstruction on demand of VanneBypass</LABEL>
		<PAGE>STD</PAGE>
		<TYPE>ET</TYPE>
		<EXPR>CF(VanneBypass) AND failure_to_open(VanneBypass)</EXPR>
		<DAUGHTERS>
			<BASIC_EVENT_REF>
				<OBJECT_NAME>VanneBypass</OBJECT_NAME>
				<FAILURE_NAME>CF</FAILURE_NAME>
			</BASIC_EVENT_REF>
			<GATE_REF>
				<TREE>SRIN4_v3</TREE>
				<NAME>4090</NAME>
			</GATE_REF>
		</DAUGHTERS>
	</GATE>
	<GATE>
		<TREE>SRIN4_v3</TREE>
		<NAME>4090</NAME>
		<LABEL>Failure to open of valve VanneBypass</LABEL>
		<TYPE>OU</TYPE>
		<EXPR>FO_mov_supplies(VanneBypass) OR FO(VanneBypass)</EXPR>
		<DAUGHTERS>
			<BASIC_EVENT_REF>
				<OBJECT_NAME>VanneBypass</OBJECT_NAME>
				<FAILURE_NAME>FDSP</FAILURE_NAME>
			</BASIC_EVENT_REF>
			<BASIC_EVENT_REF>
				<OBJECT_NAME>VanneBypass</OBJECT_NAME>
				<FAILURE_NAME>FO</FAILURE_NAME>
			</BASIC_EVENT_REF>
		</DAUGHTERS>
	</GATE>
	<GATE>
		<TREE>SRIN4_v3</TREE>
		<NAME>5034</NAME>
		<LABEL>Loss of fluid in block including BO_ClapetDP0_3</LABEL>
		<TYPE>OU</TYPE>
		<EXPR>fluid_loss(BO_ClapetDP0_3)</EXPR>
		<DAUGHTERS>
			<GATE_REF>
				<TREE>SRIN4_v3</TREE>
				<NAME>5135</NAME>
			</GATE_REF>
			<GATE_REF>
				<TREE>SRIN4_v3</TREE>
				<NAME>5040</NAME>
			</GATE_REF>
		</DAUGHTERS>
	</GATE>
	<GATE>
		<TREE>SRIN4_v3</TREE>
		<NAME>5135</NAME>
		<LABEL>Obstruction in block including BO_ClapetDP0_3</LABEL>
		<TYPE>OU</TYPE>
		<EXPR>internal_obstruction(ClapetDP0_3) OR internal_obstruction(PompeCentrifugeDyn3)</EXPR>
		<DAUGHTERS>
			<BASIC_EVENT_REF>
				<OBJECT_NAME>ClapetDP0_3</OBJECT_NAME>
				<FAILURE_NAME>FO</FAILURE_NAME>
			</BASIC_EVENT_REF>
			<GATE_REF>
				<TREE>SRIN4_v3</TREE>
				<NAME>5160</NAME>
			</GATE_REF>
		</DAUGHTERS>
	</GATE>
	<GATE>
		<TREE>SRIN4_v3</TREE>
		<NAME>5160</NAME>
		<LABEL> Obstruction of pump PompeCentrifugeDyn3</LABEL>
		<PAGE>STD</PAGE>
		<TYPE>OU</TYPE>
		<EXPR>obs_on_demand(PompeCentrifugeDyn3) OR obs_in_operation(PompeCentrifugeDyn3)</EXPR>
		<DAUGHTERS>
			<GATE_REF>
				<TREE>SRIN4_v3</TREE>
				<NAME>5164</NAME>
			</GATE_REF>
			<GATE_REF>
				<TREE>SRIN4_v3</TREE>
				<NAME>5194</NAME>
			</GATE_REF>
		</DAUGHTERS>
	</GATE>
	<GATE>
		<TREE>SRIN4_v3</TREE>
		<NAME>5164</NAME>
		<LABEL>Failure to start of pump PompeCentrifugeDyn3</LABEL>
		<TYPE>OU</TYPE>
		<EXPR>failure_to_start(PompeCentrifugeDyn3)</EXPR>
		<DAUGHTERS>
			<BASIC_EVENT_REF>
				<OBJECT_NAME>PompeCentrifugeDyn3</OBJECT_NAME>
				<FAILURE_NAME>FD</FAILURE_NAME>
			</BASIC_EVENT_REF>
			<BASIC_EVENT_REF>
				<OBJECT_NAME>PompeCentrifugeDyn3</OBJECT_NAME>
				<FAILURE_NAME>FDSP</FAILURE_NAME>
			</BASIC_EVENT_REF>
			<BASIC_EVENT_REF>
				<OBJECT_NAME>PompeCentrifugeDyn3</OBJECT_NAME>
				<FAILURE_NAME>FDMO</FAILURE_NAME>
			</BASIC_EVENT_REF>
		</DAUGHTERS>
	</GATE>
	<GATE>
		<TREE>SRIN4_v3</TREE>
		<NAME>5194</NAME>
		<LABEL>Obstruction in operation of PompeCentrifugeDyn3 </LABEL>
		<TYPE>OU</TYPE>
		<EXPR>obs_in_operation(PompeCentrifugeDyn3)</EXPR>
		<DAUGHTERS>
			<BASIC_EVENT_REF>
				<OBJECT_NAME>PompeCentrifugeDyn3</OBJECT_NAME>
				<FAILURE_NAME>FO</FAILURE_NAME>
			</BASIC_EVENT_REF>
			<BASIC_EVENT_REF>
				<OBJECT_NAME>PompeCentrifugeDyn3</OBJECT_NAME>
				<FAILURE_NAME>FOSP</FAILURE_NAME>
			</BASIC_EVENT_REF>
			<BASIC_EVENT_REF>
				<OBJECT_NAME>PompeCentrifugeDyn3</OBJECT_NAME>
				<FAILURE_NAME>FOMO</FAILURE_NAME>
			</BASIC_EVENT_REF>
		</DAUGHTERS>
	</GATE>
	<GATE>
		<TREE>SRIN4_v3</TREE>
		<NAME>5040</NAME>
		<LABEL>Loss of fluid in block including BO_VolumeA2</LABEL>
		<TYPE>ET</TYPE>
		<EXPR>NOT (((NOT fluid_loss(BO_VanneSerie1) OR NOT fluid_loss(BO_VanneSerie2)) OR NOT fluid_loss(BO_VanneBypass)) OR NOT fluid_loss(BO_Bache1))</EXPR>
		<DAUGHTERS>
			<GATE_REF>
				<TREE>SRIN4_v3</TREE>
				<NAME>1779</NAME>
			</GATE_REF>
			<GATE_REF>
				<TREE>SRIN4_v3</TREE>
				<NAME>4674</NAME>
			</GATE_REF>
			<GATE_REF>
				<TREE>SRIN4_v3</TREE>
				<NAME>2927</NAME>
			</GATE_REF>
			<GATE_REF>
				<TREE>SRIN4_v3</TREE>
				<NAME>4081</NAME>
			</GATE_REF>
		</DAUGHTERS>
	</GATE>
	<GATE>
		<TREE>SRIN4_v3</TREE>
		<NAME>1714</NAME>
		<LABEL>Loss of fluid in block including BO_ClapetDP0_1</LABEL>
		<TYPE>OU</TYPE>
		<EXPR>fluid_loss(BO_ClapetDP0_1)</EXPR>
		<DAUGHTERS>
			<GATE_REF>
				<TREE>SRIN4_v3</TREE>
				<NAME>4737</NAME>
			</GATE_REF>
			<GATE_REF>
				<TREE>SRIN4_v3</TREE>
				<NAME>1720</NAME>
			</GATE_REF>
		</DAUGHTERS>
	</GATE>
	<GATE>
		<TREE>SRIN4_v3</TREE>
		<NAME>4737</NAME>
		<LABEL>Obstruction in block including BO_ClapetDP0_1</LABEL>
		<TYPE>OU</TYPE>
		<EXPR>internal_obstruction(ClapetDP0_1) OR internal_obstruction(PompeCentrifugeDyn2)</EXPR>
		<DAUGHTERS>
			<BASIC_EVENT_REF>
				<OBJECT_NAME>ClapetDP0_1</OBJECT_NAME>
				<FAILURE_NAME>FO</FAILURE_NAME>
			</BASIC_EVENT_REF>
			<GATE_REF>
				<TREE>SRIN4_v3</TREE>
				<NAME>4762</NAME>
			</GATE_REF>
		</DAUGHTERS>
	</GATE>
	<GATE>
		<TREE>SRIN4_v3</TREE>
		<NAME>4762</NAME>
		<LABEL> Obstruction of pump PompeCentrifugeDyn2</LABEL>
		<PAGE>STD</PAGE>
		<TYPE>OU</TYPE>
		<EXPR>obs_on_demand(PompeCentrifugeDyn2) OR obs_in_operation(PompeCentrifugeDyn2)</EXPR>
		<DAUGHTERS>
			<GATE_REF>
				<TREE>SRIN4_v3</TREE>
				<NAME>4766</NAME>
			</GATE_REF>
			<GATE_REF>
				<TREE>SRIN4_v3</TREE>
				<NAME>4796</NAME>
			</GATE_REF>
		</DAUGHTERS>
	</GATE>
	<GATE>
		<TREE>SRIN4_v3</TREE>
		<NAME>4766</NAME>
		<LABEL>Failure to start of pump PompeCentrifugeDyn2</LABEL>
		<TYPE>OU</TYPE>
		<EXPR>failure_to_start(PompeCentrifugeDyn2)</EXPR>
		<DAUGHTERS>
			<BASIC_EVENT_REF>
				<OBJECT_NAME>PompeCentrifugeDyn2</OBJECT_NAME>
				<FAILURE_NAME>FD</FAILURE_NAME>
			</BASIC_EVENT_REF>
			<BASIC_EVENT_REF>
				<OBJECT_NAME>PompeCentrifugeDyn2</OBJECT_NAME>
				<FAILURE_NAME>FDSP</FAILURE_NAME>
			</BASIC_EVENT_REF>
			<BASIC_EVENT_REF>
				<OBJECT_NAME>PompeCentrifugeDyn2</OBJECT_NAME>
				<FAILURE_NAME>FDMO</FAILURE_NAME>
			</BASIC_EVENT_REF>
		</DAUGHTERS>
	</GATE>
	<GATE>
		<TREE>SRIN4_v3</TREE>
		<NAME>4796</NAME>
		<LABEL>Obstruction in operation of PompeCentrifugeDyn2 </LABEL>
		<TYPE>OU</TYPE>
		<EXPR>obs_in_operation(PompeCentrifugeDyn2)</EXPR>
		<DAUGHTERS>
			<BASIC_EVENT_REF>
				<OBJECT_NAME>PompeCentrifugeDyn2</OBJECT_NAME>
				<FAILURE_NAME>FO</FAILURE_NAME>
			</BASIC_EVENT_REF>
			<BASIC_EVENT_REF>
				<OBJECT_NAME>PompeCentrifugeDyn2</OBJECT_NAME>
				<FAILURE_NAME>FOSP</FAILURE_NAME>
			</BASIC_EVENT_REF>
			<BASIC_EVENT_REF>
				<OBJECT_NAME>PompeCentrifugeDyn2</OBJECT_NAME>
				<FAILURE_NAME>FOMO</FAILURE_NAME>
			</BASIC_EVENT_REF>
		</DAUGHTERS>
	</GATE>
	<GATE>
		<TREE>SRIN4_v3</TREE>
		<NAME>1720</NAME>
		<LABEL>Loss of fluid in block including BO_VolumeA2</LABEL>
		<TYPE>ET</TYPE>
		<EXPR>NOT (((NOT fluid_loss(BO_VanneSerie1) OR NOT fluid_loss(BO_VanneSerie2)) OR NOT fluid_loss(BO_VanneBypass)) OR NOT fluid_loss(BO_Bache1))</EXPR>
		<DAUGHTERS>
			<GATE_REF>
				<TREE>SRIN4_v3</TREE>
				<NAME>1779</NAME>
			</GATE_REF>
			<GATE_REF>
				<TREE>SRIN4_v3</TREE>
				<NAME>4674</NAME>
			</GATE_REF>
			<GATE_REF>
				<TREE>SRIN4_v3</TREE>
				<NAME>2927</NAME>
			</GATE_REF>
			<GATE_REF>
				<TREE>SRIN4_v3</TREE>
				<NAME>4081</NAME>
			</GATE_REF>
		</DAUGHTERS>
	</GATE>
</TREE_ROOT>
