<TRADUCTIONS_BDC>
	<TRADUCTIONS_FIGARO>
		<TRADUCTION FRANCAIS="amont" ANGLAIS="input"/>
		<TRADUCTION FRANCAIS="arc" ANGLAIS="arc"/>
		<TRADUCTION FRANCAIS="arc_amont" ANGLAIS="input_arc"/>
		<TRADUCTION FRANCAIS="arc_aval" ANGLAIS="output_arc"/>
		<TRADUCTION FRANCAIS="arc_inhibiteur" ANGLAIS="inhibitor_arc"/>
		<TRADUCTION FRANCAIS="arrivee" ANGLAIS="target"/>
		<TRADUCTION FRANCAIS="aval" ANGLAIS="output"/>
		<TRADUCTION FRANCAIS="bon_tir" ANGLAIS="good_outcome"/>
		<TRADUCTION FRANCAIS="depart" ANGLAIS="origin"/>
		<TRADUCTION FRANCAIS="evenement" ANGLAIS="event"/>
		<TRADUCTION FRANCAIS="event" ANGLAIS="input_event"/>
		<TRADUCTION FRANCAIS="evt_indes" ANGLAIS="undes_event"/>
		<TRADUCTION FRANCAIS="feuille" ANGLAIS="leaf"/>
		<TRADUCTION FRANCAIS="inhibe" ANGLAIS="inhibitor"/>
		<TRADUCTION FRANCAIS="lambda_calcule" ANGLAIS="calculated_lambda"/>
		<TRADUCTION FRANCAIS="lien_logique" ANGLAIS="logical_link"/>
		<TRADUCTION FRANCAIS="lien_place_test" ANGLAIS="place_test_link"/>
		<TRADUCTION FRANCAIS="M_val" ANGLAIS="value"/>
		<TRADUCTION FRANCAIS="marq" ANGLAIS="mark"/>
		<TRADUCTION FRANCAIS="marq_max" ANGLAIS="max_mark"/>
		<TRADUCTION FRANCAIS="marq_min" ANGLAIS="min_mark"/>
		<TRADUCTION FRANCAIS="mauvais_aval" ANGLAIS="bad_output"/>
		<TRADUCTION FRANCAIS="mauvais_tir" ANGLAIS="bad_outcome"/>
		<TRADUCTION FRANCAIS="mis_a_faux" ANGLAIS="set_to_false"/>
		<TRADUCTION FRANCAIS="mis_a_faux_si_mauvais" ANGLAIS="set_to_false_if_bad"/>
		<TRADUCTION FRANCAIS="mis_a_vrai" ANGLAIS="set_to_true"/>
		<TRADUCTION FRANCAIS="mis_a_vrai_si_mauvais" ANGLAIS="set_to_true_if_bad"/>
		<TRADUCTION FRANCAIS="place_testee" ANGLAIS="tested_place"/>
		<TRADUCTION FRANCAIS="poids" ANGLAIS="weight"/>
		<TRADUCTION FRANCAIS="porte_et" ANGLAIS="and_gate"/>
		<TRADUCTION FRANCAIS="porte_ou" ANGLAIS="or_gate"/>
		<TRADUCTION FRANCAIS="real" ANGLAIS="real"/>
		<TRADUCTION FRANCAIS="realisation" ANGLAIS="realization"/>
		<TRADUCTION FRANCAIS="test_faux" ANGLAIS="test_if_false"/>
		<TRADUCTION FRANCAIS="test_place" ANGLAIS="place_test"/>
		<TRADUCTION FRANCAIS="test_vrai" ANGLAIS="test_if_true"/>
		<TRADUCTION FRANCAIS="tir" ANGLAIS="firing"/>
		<TRADUCTION FRANCAIS="transition_exclusive" ANGLAIS="exclusive_transition"/>
		<TRADUCTION FRANCAIS="transition_exp" ANGLAIS="exp_transition"/>
		<TRADUCTION FRANCAIS="transition_instantanee" ANGLAIS="instantaneous_transition"/>
		<TRADUCTION FRANCAIS="transition_t_c" ANGLAIS="c_t_transition"/>
		<TRADUCTION FRANCAIS="type_test" ANGLAIS="test_type"/>
		<TRADUCTION FRANCAIS="Vrai_si_dans_bornes" ANGLAIS="true_if_within_limits"/>
		<TRADUCTION FRANCAIS="Vrai_si_hors_bornes" ANGLAIS="true_if_out_of_limits"/>
	</TRADUCTIONS_FIGARO>
	<TRADUCTIONS_VALEURS_XML>
		<TRADUCTION FRANCAIS="PETRI_fr" ANGLAIS="PETRI_eng"/>
		<TRADUCTION FRANCAIS="sortie_pas_ok" ANGLAIS="bad_outcome"/>
		<TRADUCTION FRANCAIS="sortie_ok" ANGLAIS="good_outcome"/>
		<TRADUCTION FRANCAIS="Instancier Figaro0" ANGLAIS="Figaro 0 instanciation"/>
	</TRADUCTIONS_VALEURS_XML>
</TRADUCTIONS_BDC>
