<?xml version= '1.0' encoding='ISO-8859-1' ?>
<TREE>
	<NAME>FT</NAME>
	<OBJECT>
		<NAME>Block_1</NAME>
		<FAILURE>
			<NAME>fail</NAME>
			<LABEL>Block_1 failure</LABEL>
			<DEFAULT_MODEL>GLM</DEFAULT_MODEL>
			<FIAB_MODELS>
				<GLM>
					<GAMMA>0</GAMMA>
					<LAMBDA>1e-005</LAMBDA>
					<MU>0</MU>
				</GLM>
			</FIAB_MODELS>
		</FAILURE>
	</OBJECT>
	<OBJECT>
		<NAME>Block_2</NAME>
		<FAILURE>
			<NAME>fail</NAME>
			<LABEL>Block_2 failure</LABEL>
			<DEFAULT_MODEL>GLM</DEFAULT_MODEL>
			<FIAB_MODELS>
				<GLM>
					<GAMMA>0</GAMMA>
					<LAMBDA>1e-005</LAMBDA>
					<MU>0</MU>
				</GLM>
			</FIAB_MODELS>
		</FAILURE>
	</OBJECT>
	<OBJECT>
		<NAME>Block_3</NAME>
		<FAILURE>
			<NAME>fail</NAME>
			<LABEL>Block_3 failure</LABEL>
			<DEFAULT_MODEL>GLM</DEFAULT_MODEL>
			<FIAB_MODELS>
				<GLM>
					<GAMMA>0</GAMMA>
					<LAMBDA>1e-005</LAMBDA>
					<MU>0</MU>
				</GLM>
			</FIAB_MODELS>
		</FAILURE>
	</OBJECT>
	<GATE>
		<NAME>in_function</NAME>
		<LABEL>min_1 works</LABEL>
		<PAGE>EI</PAGE>
		<TYPE>ET</TYPE>
		<EXPR>in_function(add_1) AND in_function(add_2)</EXPR>
		<DAUGHTERS>
			<GATE>
				<NAME>7</NAME>
			</GATE>
			<BASIC_EVENT>
				<NEGATED>VRAI</NEGATED>
				<OBJECT>Block_3</OBJECT>
				<FAILURE>fail</FAILURE>
			</BASIC_EVENT>
		</DAUGHTERS>
	</GATE>
	<GATE>
		<NAME>7</NAME>
		<LABEL>add_1 works</LABEL>
		<TYPE>OU</TYPE>
		<EXPR>in_function(Block_1) OR in_function(Block_2)</EXPR>
		<DAUGHTERS>
			<BASIC_EVENT>
				<NEGATED>VRAI</NEGATED>
				<OBJECT>Block_1</OBJECT>
				<FAILURE>fail</FAILURE>
			</BASIC_EVENT>
			<BASIC_EVENT>
				<NEGATED>VRAI</NEGATED>
				<OBJECT>Block_2</OBJECT>
				<FAILURE>fail</FAILURE>
			</BASIC_EVENT>
		</DAUGHTERS>
	</GATE>
</TREE>
