<?xml version= "1.0" encoding="ISO-8859-1" ?>
<TREE_ROOT>
	<NAME>Test_generation</NAME>
	<OBJECT>
		<NAME>Source</NAME>
		<FAILURE>
			<NAME>fail</NAME>
			<LABEL>Failure of Source</LABEL>
			<DEFAULT_MODEL>GLM</DEFAULT_MODEL>
			<FIAB_MODELS>
				<GLM>
					<GAMMA>0</GAMMA>
					<LAMBDA>1e-05</LAMBDA>
					<MU>0.1</MU>
				</GLM>
			</FIAB_MODELS>
		</FAILURE>
	</OBJECT>
	<OBJECT>
		<NAME>Target</NAME>
		<FAILURE>
			<NAME>fail</NAME>
			<LABEL>Failure of Target</LABEL>
			<DEFAULT_MODEL>GLM</DEFAULT_MODEL>
			<FIAB_MODELS>
				<GLM>
					<GAMMA>0</GAMMA>
					<LAMBDA>1e-05</LAMBDA>
					<MU>0.1</MU>
				</GLM>
			</FIAB_MODELS>
		</FAILURE>
	</OBJECT>
	<OBJECT>
		<NAME>link5</NAME>
		<FAILURE>
			<NAME>interruption</NAME>
			<LABEL>The link link5 is broken</LABEL>
			<DEFAULT_MODEL>GLM</DEFAULT_MODEL>
			<FIAB_MODELS>
				<GLM>
					<GAMMA>0</GAMMA>
					<LAMBDA>1e-05</LAMBDA>
					<MU>1</MU>
				</GLM>
			</FIAB_MODELS>
		</FAILURE>
	</OBJECT>
	<OBJECT>
		<NAME>link2</NAME>
		<FAILURE>
			<NAME>interruption</NAME>
			<LABEL>The link link2 is broken</LABEL>
			<DEFAULT_MODEL>GLM</DEFAULT_MODEL>
			<FIAB_MODELS>
				<GLM>
					<GAMMA>0</GAMMA>
					<LAMBDA>1e-05</LAMBDA>
					<MU>1</MU>
				</GLM>
			</FIAB_MODELS>
		</FAILURE>
	</OBJECT>
	<OBJECT>
		<NAME>n2</NAME>
		<FAILURE>
			<NAME>fail</NAME>
			<LABEL>Failure of n2</LABEL>
			<DEFAULT_MODEL>GLM</DEFAULT_MODEL>
			<FIAB_MODELS>
				<GLM>
					<GAMMA>0</GAMMA>
					<LAMBDA>1e-05</LAMBDA>
					<MU>0.1</MU>
				</GLM>
			</FIAB_MODELS>
		</FAILURE>
	</OBJECT>
	<OBJECT>
		<NAME>link3</NAME>
		<FAILURE>
			<NAME>interruption</NAME>
			<LABEL>The link link3 is broken</LABEL>
			<DEFAULT_MODEL>GLM</DEFAULT_MODEL>
			<FIAB_MODELS>
				<GLM>
					<GAMMA>0</GAMMA>
					<LAMBDA>1e-05</LAMBDA>
					<MU>1</MU>
				</GLM>
			</FIAB_MODELS>
		</FAILURE>
	</OBJECT>
	<OBJECT>
		<NAME>link1</NAME>
		<FAILURE>
			<NAME>interruption</NAME>
			<LABEL>The link link1 is broken</LABEL>
			<DEFAULT_MODEL>GLM</DEFAULT_MODEL>
			<FIAB_MODELS>
				<GLM>
					<GAMMA>0</GAMMA>
					<LAMBDA>1e-05</LAMBDA>
					<MU>1</MU>
				</GLM>
			</FIAB_MODELS>
		</FAILURE>
	</OBJECT>
	<OBJECT>
		<NAME>link4</NAME>
		<FAILURE>
			<NAME>interruption</NAME>
			<LABEL>The link link4 is broken</LABEL>
			<DEFAULT_MODEL>GLM</DEFAULT_MODEL>
			<FIAB_MODELS>
				<GLM>
					<GAMMA>0</GAMMA>
					<LAMBDA>1e-05</LAMBDA>
					<MU>1</MU>
				</GLM>
			</FIAB_MODELS>
		</FAILURE>
	</OBJECT>
	<OBJECT>
		<NAME>n1</NAME>
		<FAILURE>
			<NAME>fail</NAME>
			<LABEL>Failure of n1</LABEL>
			<DEFAULT_MODEL>GLM</DEFAULT_MODEL>
			<FIAB_MODELS>
				<GLM>
					<GAMMA>0</GAMMA>
					<LAMBDA>1e-05</LAMBDA>
					<MU>0.1</MU>
				</GLM>
			</FIAB_MODELS>
		</FAILURE>
	</OBJECT>
	<GATE>
		<TREE>Test_generation</TREE>
		<NAME>not_connected</NAME>
		<LABEL>Not Target is not linked to any source</LABEL>
		<PAGE>EI</PAGE>
		<TYPE>ET</TYPE>
		<EXPR>NOT connected(Target)</EXPR>
		<DAUGHTERS>
			<GATE_REF>
				<TREE>Test_generation</TREE>
				<NAME>285</NAME>
			</GATE_REF>
			<GATE_REF>
				<TREE>Test_generation</TREE>
				<NAME>7</NAME>
			</GATE_REF>
		</DAUGHTERS>
	</GATE>
	<GATE>
		<TREE>Test_generation</TREE>
		<NAME>285</NAME>
		<TYPE>OU</TYPE>
		<EXPR>NOT (((interruption(link5) = FALSE) AND ((fail(n2) = FALSE) AND (fail(Target) = FALSE))) AND (connected(n2) OR connected(Target)))</EXPR>
		<DAUGHTERS>
			<BASIC_EVENT_REF>
				<OBJECT_NAME>n2</OBJECT_NAME>
				<FAILURE_NAME>fail</FAILURE_NAME>
			</BASIC_EVENT_REF>
			<GATE_REF>
				<TREE>Test_generation</TREE>
				<NAME>305</NAME>
			</GATE_REF>
			<BASIC_EVENT_REF>
				<OBJECT_NAME>Target</OBJECT_NAME>
				<FAILURE_NAME>fail</FAILURE_NAME>
			</BASIC_EVENT_REF>
			<BASIC_EVENT_REF>
				<OBJECT_NAME>link5</OBJECT_NAME>
				<FAILURE_NAME>interruption</FAILURE_NAME>
			</BASIC_EVENT_REF>
		</DAUGHTERS>
	</GATE>
	<GATE>
		<TREE>Test_generation</TREE>
		<NAME>305</NAME>
		<LABEL>Not n2 is linked to a source</LABEL>
		<TYPE>ET</TYPE>
		<EXPR>NOT connected(n2)</EXPR>
		<DAUGHTERS>
			<GATE_REF>
				<TREE>Test_generation</TREE>
				<NAME>418</NAME>
			</GATE_REF>
			<GATE_REF>
				<TREE>Test_generation</TREE>
				<NAME>306</NAME>
			</GATE_REF>
		</DAUGHTERS>
	</GATE>
	<GATE>
		<TREE>Test_generation</TREE>
		<NAME>418</NAME>
		<TYPE>OU</TYPE>
		<EXPR>NOT (((interruption(link2) = FALSE) AND ((fail(Source) = FALSE) AND (fail(n2) = FALSE))) AND (connected(Source) OR connected(n2)))</EXPR>
		<DAUGHTERS>
			<BASIC_EVENT_REF>
				<OBJECT_NAME>link2</OBJECT_NAME>
				<FAILURE_NAME>interruption</FAILURE_NAME>
			</BASIC_EVENT_REF>
			<BASIC_EVENT_REF>
				<OBJECT_NAME>Source</OBJECT_NAME>
				<FAILURE_NAME>fail</FAILURE_NAME>
			</BASIC_EVENT_REF>
			<BASIC_EVENT_REF>
				<OBJECT_NAME>n2</OBJECT_NAME>
				<FAILURE_NAME>fail</FAILURE_NAME>
			</BASIC_EVENT_REF>
		</DAUGHTERS>
	</GATE>
	<GATE>
		<TREE>Test_generation</TREE>
		<NAME>306</NAME>
		<TYPE>OU</TYPE>
		<EXPR>NOT (((interruption(link3) = FALSE) AND ((fail(n1) = FALSE) AND (fail(n2) = FALSE))) AND (connected(n1) OR connected(n2)))</EXPR>
		<DAUGHTERS>
			<BASIC_EVENT_REF>
				<OBJECT_NAME>n1</OBJECT_NAME>
				<FAILURE_NAME>fail</FAILURE_NAME>
			</BASIC_EVENT_REF>
			<GATE_REF>
				<TREE>Test_generation</TREE>
				<NAME>350</NAME>
			</GATE_REF>
			<BASIC_EVENT_REF>
				<OBJECT_NAME>n2</OBJECT_NAME>
				<FAILURE_NAME>fail</FAILURE_NAME>
			</BASIC_EVENT_REF>
			<BASIC_EVENT_REF>
				<OBJECT_NAME>link3</OBJECT_NAME>
				<FAILURE_NAME>interruption</FAILURE_NAME>
			</BASIC_EVENT_REF>
		</DAUGHTERS>
	</GATE>
	<GATE>
		<TREE>Test_generation</TREE>
		<NAME>350</NAME>
		<LABEL>Not n1 is linked to a source</LABEL>
		<TYPE>OU</TYPE>
		<EXPR>NOT (((interruption(link1) = FALSE) AND ((fail(n1) = FALSE) AND (fail(Source) = FALSE))) AND (connected(n1) OR connected(Source)))</EXPR>
		<DAUGHTERS>
			<BASIC_EVENT_REF>
				<OBJECT_NAME>n1</OBJECT_NAME>
				<FAILURE_NAME>fail</FAILURE_NAME>
			</BASIC_EVENT_REF>
			<BASIC_EVENT_REF>
				<OBJECT_NAME>Source</OBJECT_NAME>
				<FAILURE_NAME>fail</FAILURE_NAME>
			</BASIC_EVENT_REF>
			<BASIC_EVENT_REF>
				<OBJECT_NAME>link1</OBJECT_NAME>
				<FAILURE_NAME>interruption</FAILURE_NAME>
			</BASIC_EVENT_REF>
		</DAUGHTERS>
	</GATE>
	<GATE>
		<TREE>Test_generation</TREE>
		<NAME>7</NAME>
		<TYPE>OU</TYPE>
		<EXPR>NOT (((interruption(link4) = FALSE) AND ((fail(n1) = FALSE) AND (fail(Target) = FALSE))) AND (connected(n1) OR connected(Target)))</EXPR>
		<DAUGHTERS>
			<BASIC_EVENT_REF>
				<OBJECT_NAME>n1</OBJECT_NAME>
				<FAILURE_NAME>fail</FAILURE_NAME>
			</BASIC_EVENT_REF>
			<GATE_REF>
				<TREE>Test_generation</TREE>
				<NAME>33</NAME>
			</GATE_REF>
			<BASIC_EVENT_REF>
				<OBJECT_NAME>Target</OBJECT_NAME>
				<FAILURE_NAME>fail</FAILURE_NAME>
			</BASIC_EVENT_REF>
			<BASIC_EVENT_REF>
				<OBJECT_NAME>link4</OBJECT_NAME>
				<FAILURE_NAME>interruption</FAILURE_NAME>
			</BASIC_EVENT_REF>
		</DAUGHTERS>
	</GATE>
	<GATE>
		<TREE>Test_generation</TREE>
		<NAME>33</NAME>
		<LABEL>Not n1 is linked to a source</LABEL>
		<TYPE>ET</TYPE>
		<EXPR>NOT connected(n1)</EXPR>
		<DAUGHTERS>
			<GATE_REF>
				<TREE>Test_generation</TREE>
				<NAME>163</NAME>
			</GATE_REF>
			<GATE_REF>
				<TREE>Test_generation</TREE>
				<NAME>34</NAME>
			</GATE_REF>
		</DAUGHTERS>
	</GATE>
	<GATE>
		<TREE>Test_generation</TREE>
		<NAME>163</NAME>
		<TYPE>OU</TYPE>
		<EXPR>NOT (((interruption(link3) = FALSE) AND ((fail(n1) = FALSE) AND (fail(n2) = FALSE))) AND (connected(n1) OR connected(n2)))</EXPR>
		<DAUGHTERS>
			<BASIC_EVENT_REF>
				<OBJECT_NAME>n1</OBJECT_NAME>
				<FAILURE_NAME>fail</FAILURE_NAME>
			</BASIC_EVENT_REF>
			<GATE_REF>
				<TREE>Test_generation</TREE>
				<NAME>188</NAME>
			</GATE_REF>
			<BASIC_EVENT_REF>
				<OBJECT_NAME>n2</OBJECT_NAME>
				<FAILURE_NAME>fail</FAILURE_NAME>
			</BASIC_EVENT_REF>
			<BASIC_EVENT_REF>
				<OBJECT_NAME>link3</OBJECT_NAME>
				<FAILURE_NAME>interruption</FAILURE_NAME>
			</BASIC_EVENT_REF>
		</DAUGHTERS>
	</GATE>
	<GATE>
		<TREE>Test_generation</TREE>
		<NAME>188</NAME>
		<LABEL>Not n2 is linked to a source</LABEL>
		<TYPE>OU</TYPE>
		<EXPR>NOT (((interruption(link2) = FALSE) AND ((fail(Source) = FALSE) AND (fail(n2) = FALSE))) AND (connected(Source) OR connected(n2)))</EXPR>
		<DAUGHTERS>
			<BASIC_EVENT_REF>
				<OBJECT_NAME>link2</OBJECT_NAME>
				<FAILURE_NAME>interruption</FAILURE_NAME>
			</BASIC_EVENT_REF>
			<BASIC_EVENT_REF>
				<OBJECT_NAME>Source</OBJECT_NAME>
				<FAILURE_NAME>fail</FAILURE_NAME>
			</BASIC_EVENT_REF>
			<BASIC_EVENT_REF>
				<OBJECT_NAME>n2</OBJECT_NAME>
				<FAILURE_NAME>fail</FAILURE_NAME>
			</BASIC_EVENT_REF>
		</DAUGHTERS>
	</GATE>
	<GATE>
		<TREE>Test_generation</TREE>
		<NAME>34</NAME>
		<TYPE>OU</TYPE>
		<EXPR>NOT (((interruption(link1) = FALSE) AND ((fail(n1) = FALSE) AND (fail(Source) = FALSE))) AND (connected(n1) OR connected(Source)))</EXPR>
		<DAUGHTERS>
			<BASIC_EVENT_REF>
				<OBJECT_NAME>n1</OBJECT_NAME>
				<FAILURE_NAME>fail</FAILURE_NAME>
			</BASIC_EVENT_REF>
			<BASIC_EVENT_REF>
				<OBJECT_NAME>Source</OBJECT_NAME>
				<FAILURE_NAME>fail</FAILURE_NAME>
			</BASIC_EVENT_REF>
			<BASIC_EVENT_REF>
				<OBJECT_NAME>link1</OBJECT_NAME>
				<FAILURE_NAME>interruption</FAILURE_NAME>
			</BASIC_EVENT_REF>
		</DAUGHTERS>
	</GATE>
</TREE_ROOT>
