<REQUESTS>
  

<LOAD_BDC_FI>
    <FILE_FI>C:/Users/Marc/Documents/_DD3/Modelica2Figaro_Tutorial/M2F_Tutorial/4_tutorial_examples/TelecomNetwork/FigaroLibrary.fi</FILE_FI>
</LOAD_BDC_FI>


<LOAD_BDF_FI>
    <FILE>C:\Users\Marc\Documents\_DD3\Modelica2Figaro_Tutorial\M2F_Tutorial\4_tutorial_examples\TelecomNetwork/FigaroObjects.fi</FILE>
</LOAD_BDF_FI>
<RUN_TREATMENT>
    <TREATMENT>GENERATE_TREE</TREATMENT>
    <FILE>C:\Users\Marc\Documents\_DD3\Modelica2Figaro_Tutorial\M2F_Tutorial\4_tutorial_examples\TelecomNetwork/FaultTree.xml</FILE>
    <FILE_MACRO>fiab_ADD.h</FILE_MACRO>
    <FILE_TREE_OPTIONS>C:/Users/Marc/Documents/_DD3/Modelica2Figaro_Tutorial/M2F_Tutorial/4_tutorial_examples/TelecomNetwork/FTGenerationParams.xml</FILE_TREE_OPTIONS>
    <RESOLVE_CONST>VRAI</RESOLVE_CONST>
    <RESOLVE_ATTR>FAUX</RESOLVE_ATTR>
    <INST_RULE>VRAI</INST_RULE>
</RUN_TREATMENT>
</REQUESTS>