﻿<?xml version="1.0" encoding="UTF-8"?>
<GEN_TREE_OPTIONS>
  <FORMAT>KB3</FORMAT>
  <SIMPLIFICATION>TOTALE</SIMPLIFICATION>
  <COHERENCY>PARTIELLE</COHERENCY>
  <UNLOOP>VRAI</UNLOOP>
  <TREE_NAME>Test_generation</TREE_NAME>
  <PREFIX>__ARBRE__</PREFIX>
  <TEST_VARIABLE>
    <OBJECT>Target</OBJECT>
    <VARIABLE>not_connected</VARIABLE>
  </TEST_VARIABLE>
  <MAX_SONS_GATE>100</MAX_SONS_GATE>
  <LIST_GROUPS>
    <GROUP>FT_group</GROUP>
    <GROUP>SANS_NOM</GROUP>
  </LIST_GROUPS>
  <COMMENT>Comment</COMMENT>
</GEN_TREE_OPTIONS>
