<REQUESTS>
  <LOAD_BDC_FI>﻿<FILE_FI>D:\Modelica\Modelica2figaro\UseCases\SRI\FigaroLibrary.fi</FILE_FI>
<FILE>D:\Modelica\Modelica2figaro\UseCases\SRI\FigaroLibrary.bdc</FILE>
  </LOAD_BDC_FI>

<LOAD_BDF_FI>
    <FILE>D:/Modelica/Modelica2figaro/UseCases/SRI/BDF.fi</FILE>
</LOAD_BDF_FI>
<RUN_TREATMENT>
    <TREATMENT>GENERATE_TREE</TREATMENT>
    <FILE>D:/Modelica/Modelica2figaro/UseCases/SRI/FaultTree.xml</FILE>
    <FILE_MACRO>fiab_ADD.h</FILE_MACRO>
    <FILE_TREE_OPTIONS>D:/Modelica/Modelica2figaro/UseCases/SRI/FTGenerationParams.xml</FILE_TREE_OPTIONS>
    <RESOLVE_CONST>VRAI</RESOLVE_CONST>
    <RESOLVE_ATTR>FAUX</RESOLVE_ATTR>
    <INST_RULE>VRAI</INST_RULE>
</RUN_TREATMENT>
</REQUESTS>