<?xml version= '1.0' encoding='ISO-8859-1' ?>
<ANSWERS>
	<ANSWER>
		<BDC_LANGUAGE>en</BDC_LANGUAGE>
	</ANSWER>
	<ANSWER>
		<INFO>
			<LABEL>Info    : Study successfully loaded and verified : 'D:/Modelica/Modelica2figaro/UseCases/SRI/BDF.fi'</LABEL>
		</INFO>
	</ANSWER>
	<ANSWER>
		<ERROR>
			<CODE>-1</CODE>
			<LABEL>Warning : Unknown characters.</LABEL>
			<CRITICITY>MAJOR</CRITICITY>
			<ERROR_ITEM>
				<FILENAME>D:/Modelica/Modelica2figaro/UseCases/SRI/FTGenerationParams.xml</FILENAME>
				<LINE>1</LINE>
				<TEXT_ERROR></TEXT_ERROR>
			</ERROR_ITEM>
		</ERROR>
		<OBJECTS_MODIFICATIONS>
			<OBJECT>
				<NAME>system</NAME>
			</OBJECT>
			<OBJECT>
				<NAME>VolumeA1</NAME>
			</OBJECT>
			<OBJECT>
				<NAME>test_loss_fluid_1</NAME>
			</OBJECT>
			<OBJECT>
				<NAME>VolumeD2</NAME>
			</OBJECT>
			<OBJECT>
				<NAME>VanneSerie1</NAME>
			</OBJECT>
			<OBJECT>
				<NAME>VanneSerie2</NAME>
			</OBJECT>
			<OBJECT>
				<NAME>VanneBypass</NAME>
			</OBJECT>
			<OBJECT>
				<NAME>VolumeD3</NAME>
			</OBJECT>
			<OBJECT>
				<NAME>EchangeurAPlaques1D1</NAME>
			</OBJECT>
			<OBJECT>
				<NAME>cooling_1</NAME>
			</OBJECT>
			<OBJECT>
				<NAME>EchangeurAPlaques1D2</NAME>
			</OBJECT>
			<OBJECT>
				<NAME>cooling_2</NAME>
			</OBJECT>
			<OBJECT>
				<NAME>ClapetDP0_1</NAME>
			</OBJECT>
			<OBJECT>
				<NAME>ClapetDP0_2</NAME>
			</OBJECT>
			<OBJECT>
				<NAME>ClapetDP0_3</NAME>
			</OBJECT>
			<OBJECT>
				<NAME>PompeCentrifugeDyn1</NAME>
			</OBJECT>
			<OBJECT>
				<NAME>PompeCentrifugeDyn2</NAME>
			</OBJECT>
			<OBJECT>
				<NAME>PompeCentrifugeDyn3</NAME>
			</OBJECT>
			<OBJECT>
				<NAME>VanneTOR0_1</NAME>
			</OBJECT>
			<OBJECT>
				<NAME>VanneTOR0_2</NAME>
			</OBJECT>
			<OBJECT>
				<NAME>VolumeA2</NAME>
			</OBJECT>
			<OBJECT>
				<NAME>Bache1</NAME>
			</OBJECT>
			<OBJECT>
				<NAME>BO_VolumeA1</NAME>
				<CLASS>obstruction_block</CLASS>
				<EFFECT>
					<NAME>fluid_loss</NAME>
					<EDITION>MODIFIABLE</EDITION>
					<ROLE>STANDARD</ROLE>
					<LABEL>Loss of fluid in block including %OBJECT</LABEL>
				</EFFECT>
				<EFFECT>
					<NAME>internal_obstruction</NAME>
					<EDITION>MODIFIABLE</EDITION>
					<ROLE>STANDARD</ROLE>
					<LABEL>Obstruction in block including %OBJECT</LABEL>
				</EFFECT>
				<INTERFACE>
					<NAME>component</NAME>
					<ROLE>STANDARD</ROLE>
					<EDITION>VISIBLE</EDITION>
					<KIND>hydraulic_component</KIND>
					<OBJECT>VolumeA1</OBJECT>
				</INTERFACE>
				<INTERFACE>
					<NAME>upstream_block</NAME>
					<ROLE>STANDARD</ROLE>
					<EDITION>VISIBLE</EDITION>
					<KIND>obstruction_block</KIND>
					<OBJECT>BO_ClapetDP0_1</OBJECT>
					<OBJECT>BO_ClapetDP0_2</OBJECT>
					<OBJECT>BO_ClapetDP0_3</OBJECT>
				</INTERFACE>
			</OBJECT>
			<OBJECT>
				<NAME>BO_VolumeD2</NAME>
				<CLASS>obstruction_block</CLASS>
				<EFFECT>
					<NAME>fluid_loss</NAME>
					<EDITION>MODIFIABLE</EDITION>
					<ROLE>STANDARD</ROLE>
					<LABEL>Loss of fluid in block including %OBJECT</LABEL>
				</EFFECT>
				<EFFECT>
					<NAME>internal_obstruction</NAME>
					<EDITION>MODIFIABLE</EDITION>
					<ROLE>STANDARD</ROLE>
					<LABEL>Obstruction in block including %OBJECT</LABEL>
				</EFFECT>
				<INTERFACE>
					<NAME>component</NAME>
					<ROLE>STANDARD</ROLE>
					<EDITION>VISIBLE</EDITION>
					<KIND>hydraulic_component</KIND>
					<OBJECT>VolumeD2</OBJECT>
					<OBJECT>VolumeD3</OBJECT>
				</INTERFACE>
				<INTERFACE>
					<NAME>upstream_block</NAME>
					<ROLE>STANDARD</ROLE>
					<EDITION>VISIBLE</EDITION>
					<KIND>obstruction_block</KIND>
					<OBJECT>BO_VolumeA1</OBJECT>
				</INTERFACE>
			</OBJECT>
			<OBJECT>
				<NAME>BO_VanneSerie1</NAME>
				<CLASS>obstruction_block</CLASS>
				<EFFECT>
					<NAME>fluid_loss</NAME>
					<EDITION>MODIFIABLE</EDITION>
					<ROLE>STANDARD</ROLE>
					<LABEL>Loss of fluid in block including %OBJECT</LABEL>
				</EFFECT>
				<EFFECT>
					<NAME>internal_obstruction</NAME>
					<EDITION>MODIFIABLE</EDITION>
					<ROLE>STANDARD</ROLE>
					<LABEL>Obstruction in block including %OBJECT</LABEL>
				</EFFECT>
				<INTERFACE>
					<NAME>component</NAME>
					<ROLE>STANDARD</ROLE>
					<EDITION>VISIBLE</EDITION>
					<KIND>hydraulic_component</KIND>
					<OBJECT>VanneSerie1</OBJECT>
					<OBJECT>EchangeurAPlaques1D1</OBJECT>
					<OBJECT>VanneTOR0_1</OBJECT>
				</INTERFACE>
				<INTERFACE>
					<NAME>upstream_block</NAME>
					<ROLE>STANDARD</ROLE>
					<EDITION>VISIBLE</EDITION>
					<KIND>obstruction_block</KIND>
					<OBJECT>BO_VolumeD2</OBJECT>
				</INTERFACE>
			</OBJECT>
			<OBJECT>
				<NAME>BO_VanneSerie2</NAME>
				<CLASS>obstruction_block</CLASS>
				<EFFECT>
					<NAME>fluid_loss</NAME>
					<EDITION>MODIFIABLE</EDITION>
					<ROLE>STANDARD</ROLE>
					<LABEL>Loss of fluid in block including %OBJECT</LABEL>
				</EFFECT>
				<EFFECT>
					<NAME>internal_obstruction</NAME>
					<EDITION>MODIFIABLE</EDITION>
					<ROLE>STANDARD</ROLE>
					<LABEL>Obstruction in block including %OBJECT</LABEL>
				</EFFECT>
				<INTERFACE>
					<NAME>component</NAME>
					<ROLE>STANDARD</ROLE>
					<EDITION>VISIBLE</EDITION>
					<KIND>hydraulic_component</KIND>
					<OBJECT>VanneSerie2</OBJECT>
					<OBJECT>EchangeurAPlaques1D2</OBJECT>
					<OBJECT>VanneTOR0_2</OBJECT>
				</INTERFACE>
				<INTERFACE>
					<NAME>upstream_block</NAME>
					<ROLE>STANDARD</ROLE>
					<EDITION>VISIBLE</EDITION>
					<KIND>obstruction_block</KIND>
					<OBJECT>BO_VolumeD2</OBJECT>
				</INTERFACE>
			</OBJECT>
			<OBJECT>
				<NAME>BO_VanneBypass</NAME>
				<CLASS>obstruction_block</CLASS>
				<EFFECT>
					<NAME>fluid_loss</NAME>
					<EDITION>MODIFIABLE</EDITION>
					<ROLE>STANDARD</ROLE>
					<LABEL>Loss of fluid in block including %OBJECT</LABEL>
				</EFFECT>
				<EFFECT>
					<NAME>internal_obstruction</NAME>
					<EDITION>MODIFIABLE</EDITION>
					<ROLE>STANDARD</ROLE>
					<LABEL>Obstruction in block including %OBJECT</LABEL>
				</EFFECT>
				<INTERFACE>
					<NAME>component</NAME>
					<ROLE>STANDARD</ROLE>
					<EDITION>VISIBLE</EDITION>
					<KIND>hydraulic_component</KIND>
					<OBJECT>VanneBypass</OBJECT>
				</INTERFACE>
				<INTERFACE>
					<NAME>upstream_block</NAME>
					<ROLE>STANDARD</ROLE>
					<EDITION>VISIBLE</EDITION>
					<KIND>obstruction_block</KIND>
					<OBJECT>BO_VolumeD2</OBJECT>
				</INTERFACE>
			</OBJECT>
			<OBJECT>
				<NAME>BO_ClapetDP0_1</NAME>
				<CLASS>obstruction_block</CLASS>
				<EFFECT>
					<NAME>fluid_loss</NAME>
					<EDITION>MODIFIABLE</EDITION>
					<ROLE>STANDARD</ROLE>
					<LABEL>Loss of fluid in block including %OBJECT</LABEL>
				</EFFECT>
				<EFFECT>
					<NAME>internal_obstruction</NAME>
					<EDITION>MODIFIABLE</EDITION>
					<ROLE>STANDARD</ROLE>
					<LABEL>Obstruction in block including %OBJECT</LABEL>
				</EFFECT>
				<INTERFACE>
					<NAME>component</NAME>
					<ROLE>STANDARD</ROLE>
					<EDITION>VISIBLE</EDITION>
					<KIND>hydraulic_component</KIND>
					<OBJECT>ClapetDP0_1</OBJECT>
					<OBJECT>PompeCentrifugeDyn2</OBJECT>
				</INTERFACE>
				<INTERFACE>
					<NAME>upstream_block</NAME>
					<ROLE>STANDARD</ROLE>
					<EDITION>VISIBLE</EDITION>
					<KIND>obstruction_block</KIND>
					<OBJECT>BO_VolumeA2</OBJECT>
				</INTERFACE>
			</OBJECT>
			<OBJECT>
				<NAME>BO_ClapetDP0_2</NAME>
				<CLASS>obstruction_block</CLASS>
				<EFFECT>
					<NAME>fluid_loss</NAME>
					<EDITION>MODIFIABLE</EDITION>
					<ROLE>STANDARD</ROLE>
					<LABEL>Loss of fluid in block including %OBJECT</LABEL>
				</EFFECT>
				<EFFECT>
					<NAME>internal_obstruction</NAME>
					<EDITION>MODIFIABLE</EDITION>
					<ROLE>STANDARD</ROLE>
					<LABEL>Obstruction in block including %OBJECT</LABEL>
				</EFFECT>
				<INTERFACE>
					<NAME>component</NAME>
					<ROLE>STANDARD</ROLE>
					<EDITION>VISIBLE</EDITION>
					<KIND>hydraulic_component</KIND>
					<OBJECT>ClapetDP0_2</OBJECT>
					<OBJECT>PompeCentrifugeDyn1</OBJECT>
				</INTERFACE>
				<INTERFACE>
					<NAME>upstream_block</NAME>
					<ROLE>STANDARD</ROLE>
					<EDITION>VISIBLE</EDITION>
					<KIND>obstruction_block</KIND>
					<OBJECT>BO_VolumeA2</OBJECT>
				</INTERFACE>
			</OBJECT>
			<OBJECT>
				<NAME>BO_ClapetDP0_3</NAME>
				<CLASS>obstruction_block</CLASS>
				<EFFECT>
					<NAME>fluid_loss</NAME>
					<EDITION>MODIFIABLE</EDITION>
					<ROLE>STANDARD</ROLE>
					<LABEL>Loss of fluid in block including %OBJECT</LABEL>
				</EFFECT>
				<EFFECT>
					<NAME>internal_obstruction</NAME>
					<EDITION>MODIFIABLE</EDITION>
					<ROLE>STANDARD</ROLE>
					<LABEL>Obstruction in block including %OBJECT</LABEL>
				</EFFECT>
				<INTERFACE>
					<NAME>component</NAME>
					<ROLE>STANDARD</ROLE>
					<EDITION>VISIBLE</EDITION>
					<KIND>hydraulic_component</KIND>
					<OBJECT>ClapetDP0_3</OBJECT>
					<OBJECT>PompeCentrifugeDyn3</OBJECT>
				</INTERFACE>
				<INTERFACE>
					<NAME>upstream_block</NAME>
					<ROLE>STANDARD</ROLE>
					<EDITION>VISIBLE</EDITION>
					<KIND>obstruction_block</KIND>
					<OBJECT>BO_VolumeA2</OBJECT>
				</INTERFACE>
			</OBJECT>
			<OBJECT>
				<NAME>BO_VolumeA2</NAME>
				<CLASS>obstruction_block</CLASS>
				<EFFECT>
					<NAME>fluid_loss</NAME>
					<EDITION>MODIFIABLE</EDITION>
					<ROLE>STANDARD</ROLE>
					<LABEL>Loss of fluid in block including %OBJECT</LABEL>
				</EFFECT>
				<EFFECT>
					<NAME>internal_obstruction</NAME>
					<EDITION>MODIFIABLE</EDITION>
					<ROLE>STANDARD</ROLE>
					<LABEL>Obstruction in block including %OBJECT</LABEL>
				</EFFECT>
				<INTERFACE>
					<NAME>component</NAME>
					<ROLE>STANDARD</ROLE>
					<EDITION>VISIBLE</EDITION>
					<KIND>hydraulic_component</KIND>
					<OBJECT>VolumeA2</OBJECT>
				</INTERFACE>
				<INTERFACE>
					<NAME>upstream_block</NAME>
					<ROLE>STANDARD</ROLE>
					<EDITION>VISIBLE</EDITION>
					<KIND>obstruction_block</KIND>
					<OBJECT>BO_VanneSerie1</OBJECT>
					<OBJECT>BO_VanneSerie2</OBJECT>
					<OBJECT>BO_VanneBypass</OBJECT>
					<OBJECT>BO_Bache1</OBJECT>
				</INTERFACE>
			</OBJECT>
			<OBJECT>
				<NAME>BO_Bache1</NAME>
				<CLASS>obstruction_block</CLASS>
				<EFFECT>
					<NAME>fluid_loss</NAME>
					<EDITION>MODIFIABLE</EDITION>
					<ROLE>STANDARD</ROLE>
					<LABEL>Loss of fluid in block including %OBJECT</LABEL>
				</EFFECT>
				<EFFECT>
					<NAME>internal_obstruction</NAME>
					<EDITION>MODIFIABLE</EDITION>
					<ROLE>STANDARD</ROLE>
					<LABEL>Obstruction in block including %OBJECT</LABEL>
				</EFFECT>
				<INTERFACE>
					<NAME>component</NAME>
					<ROLE>STANDARD</ROLE>
					<EDITION>VISIBLE</EDITION>
					<KIND>hydraulic_component</KIND>
					<OBJECT>Bache1</OBJECT>
				</INTERFACE>
				<INTERFACE>
					<NAME>upstream_block</NAME>
					<ROLE>STANDARD</ROLE>
					<EDITION>VISIBLE</EDITION>
					<KIND>obstruction_block</KIND>
					<OBJECT>BO_VolumeA1</OBJECT>
				</INTERFACE>
			</OBJECT>
		</OBJECTS_MODIFICATIONS>
		<INFO>
			<LABEL>Info    : Study successfully instanciated</LABEL>
		</INFO>
		<INFO>
			<LABEL>Info    : FIGARO0 file successfully generated</LABEL>
		</INFO>
		<INFO>
			<LABEL>Info    : Fault tree successfully generated</LABEL>
		</INFO>
	</ANSWER>
</ANSWERS>
