<GEN_TREE_OPTIONS>
	<SIMPLIFICATION>TOTALE</SIMPLIFICATION>
	<COHERENCY>PARTIELLE</COHERENCY>
	<UNLOOP>VRAI</UNLOOP>
	<TREE_NAME>SRIN4_v3</TREE_NAME>
	<PREFIX>__ARBRE__</PREFIX>
	<TEST_VARIABLE>
		<OBJECT>test_loss_fluid_1</OBJECT>
		<VARIABLE>loss</VARIABLE>
	</TEST_VARIABLE>
	<LIST_GROUPS>
		<GROUP>SANS_NOM</GROUP>
	</LIST_GROUPS>
	<COMMENT>Comment</COMMENT>
	<TREE>
		<OBJECT>
			<NAME>VanneSerie1</NAME>
			<FAILURE>
				<NAME>CF</NAME>
				<LABEL>Valve %OBJECT forgotten in closed position </LABEL>
				<DEFAULT_MODEL>G</DEFAULT_MODEL>
				<FIAB_MODELS>
					<G>
						<GAMMA>0.001</GAMMA>
					</G>
				</FIAB_MODELS>
			</FAILURE>
			<FAILURE>
				<NAME>FOP</NAME>
				<LABEL>Valve %OBJECT forgotten in open position </LABEL>
				<DEFAULT_MODEL>G</DEFAULT_MODEL>
				<FIAB_MODELS>
					<G>
						<GAMMA>0.001</GAMMA>
					</G>
				</FIAB_MODELS>
			</FAILURE>
			<FAILURE>
				<NAME>IL</NAME>
				<LABEL>Internal leakage of valve %OBJECT</LABEL>
				<DEFAULT_MODEL>GLM</DEFAULT_MODEL>
				<FIAB_MODELS>
					<GLM>
						<GAMMA>0</GAMMA>
						<LAMBDA>2e-005</LAMBDA>
						<MU>0</MU>
					</GLM>
				</FIAB_MODELS>
			</FAILURE>
			<FAILURE>
				<NAME>RU</NAME>
				<LABEL>Rupture in operation of valve %OBJECT</LABEL>
				<DEFAULT_MODEL>GLM</DEFAULT_MODEL>
				<FIAB_MODELS>
					<GLM>
						<GAMMA>0</GAMMA>
						<LAMBDA>2e-005</LAMBDA>
						<MU>0</MU>
					</GLM>
				</FIAB_MODELS>
			</FAILURE>
			<FAILURE>
				<NAME>FO</NAME>
				<LABEL>Failure to open of valve %OBJECT</LABEL>
				<DEFAULT_MODEL>G</DEFAULT_MODEL>
				<FIAB_MODELS>
					<G>
						<GAMMA>0.001</GAMMA>
					</G>
				</FIAB_MODELS>
			</FAILURE>
			<FAILURE>
				<NAME>FC</NAME>
				<LABEL>Failure to close of valve %OBJECT</LABEL>
				<DEFAULT_MODEL>G</DEFAULT_MODEL>
				<FIAB_MODELS>
					<G>
						<GAMMA>0.001</GAMMA>
					</G>
				</FIAB_MODELS>
			</FAILURE>
			<FAILURE>
				<NAME>FDSP</NAME>
				<LABEL>Failure on demand of switch of %OBJECT</LABEL>
				<DEFAULT_MODEL>G</DEFAULT_MODEL>
				<FIAB_MODELS>
					<G>
						<GAMMA>0.001</GAMMA>
					</G>
				</FIAB_MODELS>
			</FAILURE>
		</OBJECT>
		<OBJECT>
			<NAME>VanneSerie2</NAME>
			<FAILURE>
				<NAME>CF</NAME>
				<LABEL>Valve %OBJECT forgotten in closed position </LABEL>
				<DEFAULT_MODEL>G</DEFAULT_MODEL>
				<FIAB_MODELS>
					<G>
						<GAMMA>0.001</GAMMA>
					</G>
				</FIAB_MODELS>
			</FAILURE>
			<FAILURE>
				<NAME>FOP</NAME>
				<LABEL>Valve %OBJECT forgotten in open position </LABEL>
				<DEFAULT_MODEL>G</DEFAULT_MODEL>
				<FIAB_MODELS>
					<G>
						<GAMMA>0.001</GAMMA>
					</G>
				</FIAB_MODELS>
			</FAILURE>
			<FAILURE>
				<NAME>IL</NAME>
				<LABEL>Internal leakage of valve %OBJECT</LABEL>
				<DEFAULT_MODEL>GLM</DEFAULT_MODEL>
				<FIAB_MODELS>
					<GLM>
						<GAMMA>0</GAMMA>
						<LAMBDA>2e-005</LAMBDA>
						<MU>0</MU>
					</GLM>
				</FIAB_MODELS>
			</FAILURE>
			<FAILURE>
				<NAME>RU</NAME>
				<LABEL>Rupture in operation of valve %OBJECT</LABEL>
				<DEFAULT_MODEL>GLM</DEFAULT_MODEL>
				<FIAB_MODELS>
					<GLM>
						<GAMMA>0</GAMMA>
						<LAMBDA>2e-005</LAMBDA>
						<MU>0</MU>
					</GLM>
				</FIAB_MODELS>
			</FAILURE>
			<FAILURE>
				<NAME>FO</NAME>
				<LABEL>Failure to open of valve %OBJECT</LABEL>
				<DEFAULT_MODEL>G</DEFAULT_MODEL>
				<FIAB_MODELS>
					<G>
						<GAMMA>0.001</GAMMA>
					</G>
				</FIAB_MODELS>
			</FAILURE>
			<FAILURE>
				<NAME>FC</NAME>
				<LABEL>Failure to close of valve %OBJECT</LABEL>
				<DEFAULT_MODEL>G</DEFAULT_MODEL>
				<FIAB_MODELS>
					<G>
						<GAMMA>0.001</GAMMA>
					</G>
				</FIAB_MODELS>
			</FAILURE>
			<FAILURE>
				<NAME>FDSP</NAME>
				<LABEL>Failure on demand of switch of %OBJECT</LABEL>
				<DEFAULT_MODEL>G</DEFAULT_MODEL>
				<FIAB_MODELS>
					<G>
						<GAMMA>0.001</GAMMA>
					</G>
				</FIAB_MODELS>
			</FAILURE>
		</OBJECT>
		<OBJECT>
			<NAME>VanneBypass</NAME>
			<FAILURE>
				<NAME>CF</NAME>
				<LABEL>Valve %OBJECT forgotten in closed position </LABEL>
				<DEFAULT_MODEL>G</DEFAULT_MODEL>
				<FIAB_MODELS>
					<G>
						<GAMMA>0.001</GAMMA>
					</G>
				</FIAB_MODELS>
			</FAILURE>
			<FAILURE>
				<NAME>FOP</NAME>
				<LABEL>Valve %OBJECT forgotten in open position </LABEL>
				<DEFAULT_MODEL>G</DEFAULT_MODEL>
				<FIAB_MODELS>
					<G>
						<GAMMA>0.001</GAMMA>
					</G>
				</FIAB_MODELS>
			</FAILURE>
			<FAILURE>
				<NAME>IL</NAME>
				<LABEL>Internal leakage of valve %OBJECT</LABEL>
				<DEFAULT_MODEL>GLM</DEFAULT_MODEL>
				<FIAB_MODELS>
					<GLM>
						<GAMMA>0</GAMMA>
						<LAMBDA>2e-005</LAMBDA>
						<MU>0</MU>
					</GLM>
				</FIAB_MODELS>
			</FAILURE>
			<FAILURE>
				<NAME>RU</NAME>
				<LABEL>Rupture in operation of valve %OBJECT</LABEL>
				<DEFAULT_MODEL>GLM</DEFAULT_MODEL>
				<FIAB_MODELS>
					<GLM>
						<GAMMA>0</GAMMA>
						<LAMBDA>2e-005</LAMBDA>
						<MU>0</MU>
					</GLM>
				</FIAB_MODELS>
			</FAILURE>
			<FAILURE>
				<NAME>FO</NAME>
				<LABEL>Failure to open of valve %OBJECT</LABEL>
				<DEFAULT_MODEL>G</DEFAULT_MODEL>
				<FIAB_MODELS>
					<G>
						<GAMMA>0.001</GAMMA>
					</G>
				</FIAB_MODELS>
			</FAILURE>
			<FAILURE>
				<NAME>FC</NAME>
				<LABEL>Failure to close of valve %OBJECT</LABEL>
				<DEFAULT_MODEL>G</DEFAULT_MODEL>
				<FIAB_MODELS>
					<G>
						<GAMMA>0.001</GAMMA>
					</G>
				</FIAB_MODELS>
			</FAILURE>
			<FAILURE>
				<NAME>FDSP</NAME>
				<LABEL>Failure on demand of switch of %OBJECT</LABEL>
				<DEFAULT_MODEL>G</DEFAULT_MODEL>
				<FIAB_MODELS>
					<G>
						<GAMMA>0.001</GAMMA>
					</G>
				</FIAB_MODELS>
			</FAILURE>
		</OBJECT>
		<OBJECT>
			<NAME>VolumeD3</NAME>
			<FAILURE>
				<NAME>RU</NAME>
				<LABEL>Rupture in operation of heat-exchanger %OBJECT</LABEL>
				<DEFAULT_MODEL>GLM</DEFAULT_MODEL>
				<FIAB_MODELS>
					<GLM>
						<GAMMA>0</GAMMA>
						<LAMBDA>2e-005</LAMBDA>
						<MU>0</MU>
					</GLM>
				</FIAB_MODELS>
			</FAILURE>
			<FAILURE>
				<NAME>FO</NAME>
				<LABEL>Failure in operation of heat_exchanger %OBJECT</LABEL>
				<DEFAULT_MODEL>GLM</DEFAULT_MODEL>
				<FIAB_MODELS>
					<GLM>
						<GAMMA>0</GAMMA>
						<LAMBDA>2e-005</LAMBDA>
						<MU>0</MU>
					</GLM>
				</FIAB_MODELS>
			</FAILURE>
		</OBJECT>
		<OBJECT>
			<NAME>EchangeurAPlaques1D1</NAME>
			<FAILURE>
				<NAME>RU</NAME>
				<LABEL>Rupture in operation of heat-exchanger %OBJECT</LABEL>
				<DEFAULT_MODEL>GLM</DEFAULT_MODEL>
				<FIAB_MODELS>
					<GLM>
						<GAMMA>0</GAMMA>
						<LAMBDA>2e-005</LAMBDA>
						<MU>0</MU>
					</GLM>
				</FIAB_MODELS>
			</FAILURE>
			<FAILURE>
				<NAME>FO</NAME>
				<LABEL>Failure in operation of heat_exchanger %OBJECT</LABEL>
				<DEFAULT_MODEL>GLM</DEFAULT_MODEL>
				<FIAB_MODELS>
					<GLM>
						<GAMMA>0</GAMMA>
						<LAMBDA>2e-005</LAMBDA>
						<MU>0</MU>
					</GLM>
				</FIAB_MODELS>
			</FAILURE>
		</OBJECT>
		<OBJECT>
			<NAME>cooling_1</NAME>
			<FAILURE>
				<NAME>FO</NAME>
				<LABEL>Failure of %OBJECT</LABEL>
				<DEFAULT_MODEL>GLM</DEFAULT_MODEL>
				<FIAB_MODELS>
					<GLM>
						<GAMMA>0</GAMMA>
						<LAMBDA>2e-005</LAMBDA>
						<MU>0</MU>
					</GLM>
				</FIAB_MODELS>
			</FAILURE>
			<FAILURE>
				<NAME>UA</NAME>
				<LABEL>Unavailability of %OBJECT</LABEL>
				<DEFAULT_MODEL>G</DEFAULT_MODEL>
				<FIAB_MODELS>
					<G>
						<GAMMA>0.001</GAMMA>
					</G>
				</FIAB_MODELS>
			</FAILURE>
		</OBJECT>
		<OBJECT>
			<NAME>EchangeurAPlaques1D2</NAME>
			<FAILURE>
				<NAME>RU</NAME>
				<LABEL>Rupture in operation of heat-exchanger %OBJECT</LABEL>
				<DEFAULT_MODEL>GLM</DEFAULT_MODEL>
				<FIAB_MODELS>
					<GLM>
						<GAMMA>0</GAMMA>
						<LAMBDA>2e-005</LAMBDA>
						<MU>0</MU>
					</GLM>
				</FIAB_MODELS>
			</FAILURE>
			<FAILURE>
				<NAME>FO</NAME>
				<LABEL>Failure in operation of heat_exchanger %OBJECT</LABEL>
				<DEFAULT_MODEL>GLM</DEFAULT_MODEL>
				<FIAB_MODELS>
					<GLM>
						<GAMMA>0</GAMMA>
						<LAMBDA>2e-005</LAMBDA>
						<MU>0</MU>
					</GLM>
				</FIAB_MODELS>
			</FAILURE>
		</OBJECT>
		<OBJECT>
			<NAME>cooling_2</NAME>
			<FAILURE>
				<NAME>FO</NAME>
				<LABEL>Failure of %OBJECT</LABEL>
				<DEFAULT_MODEL>GLM</DEFAULT_MODEL>
				<FIAB_MODELS>
					<GLM>
						<GAMMA>0</GAMMA>
						<LAMBDA>2e-005</LAMBDA>
						<MU>0</MU>
					</GLM>
				</FIAB_MODELS>
			</FAILURE>
			<FAILURE>
				<NAME>UA</NAME>
				<LABEL>Unavailability of %OBJECT</LABEL>
				<DEFAULT_MODEL>G</DEFAULT_MODEL>
				<FIAB_MODELS>
					<G>
						<GAMMA>0.001</GAMMA>
					</G>
				</FIAB_MODELS>
			</FAILURE>
		</OBJECT>
		<OBJECT>
			<NAME>ClapetDP0_1</NAME>
			<FAILURE>
				<NAME>RU</NAME>
				<LABEL>Rupture in operation of check-valve %OBJECT</LABEL>
				<DEFAULT_MODEL>GLM</DEFAULT_MODEL>
				<FIAB_MODELS>
					<GLM>
						<GAMMA>0</GAMMA>
						<LAMBDA>2e-005</LAMBDA>
						<MU>0</MU>
					</GLM>
				</FIAB_MODELS>
			</FAILURE>
			<FAILURE>
				<NAME>FC</NAME>
				<LABEL>Failure to close of check-valve %OBJECT</LABEL>
				<DEFAULT_MODEL>G</DEFAULT_MODEL>
				<FIAB_MODELS>
					<G>
						<GAMMA>0.001</GAMMA>
					</G>
				</FIAB_MODELS>
			</FAILURE>
			<FAILURE>
				<NAME>FO</NAME>
				<LABEL>Failure to open of check-valve %OBJECT</LABEL>
				<DEFAULT_MODEL>G</DEFAULT_MODEL>
				<FIAB_MODELS>
					<G>
						<GAMMA>0.001</GAMMA>
					</G>
				</FIAB_MODELS>
			</FAILURE>
		</OBJECT>
		<OBJECT>
			<NAME>ClapetDP0_2</NAME>
			<FAILURE>
				<NAME>RU</NAME>
				<LABEL>Rupture in operation of check-valve %OBJECT</LABEL>
				<DEFAULT_MODEL>GLM</DEFAULT_MODEL>
				<FIAB_MODELS>
					<GLM>
						<GAMMA>0</GAMMA>
						<LAMBDA>2e-005</LAMBDA>
						<MU>0</MU>
					</GLM>
				</FIAB_MODELS>
			</FAILURE>
			<FAILURE>
				<NAME>FC</NAME>
				<LABEL>Failure to close of check-valve %OBJECT</LABEL>
				<DEFAULT_MODEL>G</DEFAULT_MODEL>
				<FIAB_MODELS>
					<G>
						<GAMMA>0.001</GAMMA>
					</G>
				</FIAB_MODELS>
			</FAILURE>
			<FAILURE>
				<NAME>FO</NAME>
				<LABEL>Failure to open of check-valve %OBJECT</LABEL>
				<DEFAULT_MODEL>G</DEFAULT_MODEL>
				<FIAB_MODELS>
					<G>
						<GAMMA>0.001</GAMMA>
					</G>
				</FIAB_MODELS>
			</FAILURE>
		</OBJECT>
		<OBJECT>
			<NAME>ClapetDP0_3</NAME>
			<FAILURE>
				<NAME>RU</NAME>
				<LABEL>Rupture in operation of check-valve %OBJECT</LABEL>
				<DEFAULT_MODEL>GLM</DEFAULT_MODEL>
				<FIAB_MODELS>
					<GLM>
						<GAMMA>0</GAMMA>
						<LAMBDA>2e-005</LAMBDA>
						<MU>0</MU>
					</GLM>
				</FIAB_MODELS>
			</FAILURE>
			<FAILURE>
				<NAME>FC</NAME>
				<LABEL>Failure to close of check-valve %OBJECT</LABEL>
				<DEFAULT_MODEL>G</DEFAULT_MODEL>
				<FIAB_MODELS>
					<G>
						<GAMMA>0.001</GAMMA>
					</G>
				</FIAB_MODELS>
			</FAILURE>
			<FAILURE>
				<NAME>FO</NAME>
				<LABEL>Failure to open of check-valve %OBJECT</LABEL>
				<DEFAULT_MODEL>G</DEFAULT_MODEL>
				<FIAB_MODELS>
					<G>
						<GAMMA>0.001</GAMMA>
					</G>
				</FIAB_MODELS>
			</FAILURE>
		</OBJECT>
		<OBJECT>
			<NAME>PompeCentrifugeDyn1</NAME>
			<FAILURE>
				<NAME>FD</NAME>
				<LABEL>Failure on demand of pump %OBJECT</LABEL>
				<DEFAULT_MODEL>G</DEFAULT_MODEL>
				<FIAB_MODELS>
					<G>
						<GAMMA>0.001</GAMMA>
					</G>
				</FIAB_MODELS>
			</FAILURE>
			<FAILURE>
				<NAME>RU</NAME>
				<LABEL>Rupture in operation of pump %OBJECT</LABEL>
				<DEFAULT_MODEL>GLM</DEFAULT_MODEL>
				<FIAB_MODELS>
					<GLM>
						<GAMMA>0</GAMMA>
						<LAMBDA>2e-005</LAMBDA>
						<MU>0</MU>
					</GLM>
				</FIAB_MODELS>
			</FAILURE>
			<FAILURE>
				<NAME>FO</NAME>
				<LABEL>Failure in operation of pump %OBJECT</LABEL>
				<DEFAULT_MODEL>GLM</DEFAULT_MODEL>
				<FIAB_MODELS>
					<GLM>
						<GAMMA>0</GAMMA>
						<LAMBDA>2e-005</LAMBDA>
						<MU>0</MU>
					</GLM>
				</FIAB_MODELS>
			</FAILURE>
			<FAILURE>
				<NAME>FDSP</NAME>
				<LABEL>Failure on demand of switch of %OBJECT</LABEL>
				<DEFAULT_MODEL>G</DEFAULT_MODEL>
				<FIAB_MODELS>
					<G>
						<GAMMA>0.001</GAMMA>
					</G>
				</FIAB_MODELS>
			</FAILURE>
			<FAILURE>
				<NAME>FOSP</NAME>
				<LABEL>Failure in operation of switch of %OBJECT</LABEL>
				<DEFAULT_MODEL>GLM</DEFAULT_MODEL>
				<FIAB_MODELS>
					<GLM>
						<GAMMA>0</GAMMA>
						<LAMBDA>2e-005</LAMBDA>
						<MU>0</MU>
					</GLM>
				</FIAB_MODELS>
			</FAILURE>
			<FAILURE>
				<NAME>FDMO</NAME>
				<LABEL>Failure on demand of motor of %OBJECT</LABEL>
				<DEFAULT_MODEL>G</DEFAULT_MODEL>
				<FIAB_MODELS>
					<G>
						<GAMMA>0.001</GAMMA>
					</G>
				</FIAB_MODELS>
			</FAILURE>
			<FAILURE>
				<NAME>FOMO</NAME>
				<LABEL>Failure in operation of motor of %OBJECT</LABEL>
				<DEFAULT_MODEL>GLM</DEFAULT_MODEL>
				<FIAB_MODELS>
					<GLM>
						<GAMMA>0</GAMMA>
						<LAMBDA>2e-005</LAMBDA>
						<MU>0</MU>
					</GLM>
				</FIAB_MODELS>
			</FAILURE>
		</OBJECT>
		<OBJECT>
			<NAME>PompeCentrifugeDyn2</NAME>
			<FAILURE>
				<NAME>FD</NAME>
				<LABEL>Failure on demand of pump %OBJECT</LABEL>
				<DEFAULT_MODEL>G</DEFAULT_MODEL>
				<FIAB_MODELS>
					<G>
						<GAMMA>0.001</GAMMA>
					</G>
				</FIAB_MODELS>
			</FAILURE>
			<FAILURE>
				<NAME>RU</NAME>
				<LABEL>Rupture in operation of pump %OBJECT</LABEL>
				<DEFAULT_MODEL>GLM</DEFAULT_MODEL>
				<FIAB_MODELS>
					<GLM>
						<GAMMA>0</GAMMA>
						<LAMBDA>2e-005</LAMBDA>
						<MU>0</MU>
					</GLM>
				</FIAB_MODELS>
			</FAILURE>
			<FAILURE>
				<NAME>FO</NAME>
				<LABEL>Failure in operation of pump %OBJECT</LABEL>
				<DEFAULT_MODEL>GLM</DEFAULT_MODEL>
				<FIAB_MODELS>
					<GLM>
						<GAMMA>0</GAMMA>
						<LAMBDA>2e-005</LAMBDA>
						<MU>0</MU>
					</GLM>
				</FIAB_MODELS>
			</FAILURE>
			<FAILURE>
				<NAME>FDSP</NAME>
				<LABEL>Failure on demand of switch of %OBJECT</LABEL>
				<DEFAULT_MODEL>G</DEFAULT_MODEL>
				<FIAB_MODELS>
					<G>
						<GAMMA>0.001</GAMMA>
					</G>
				</FIAB_MODELS>
			</FAILURE>
			<FAILURE>
				<NAME>FOSP</NAME>
				<LABEL>Failure in operation of switch of %OBJECT</LABEL>
				<DEFAULT_MODEL>GLM</DEFAULT_MODEL>
				<FIAB_MODELS>
					<GLM>
						<GAMMA>0</GAMMA>
						<LAMBDA>2e-005</LAMBDA>
						<MU>0</MU>
					</GLM>
				</FIAB_MODELS>
			</FAILURE>
			<FAILURE>
				<NAME>FDMO</NAME>
				<LABEL>Failure on demand of motor of %OBJECT</LABEL>
				<DEFAULT_MODEL>G</DEFAULT_MODEL>
				<FIAB_MODELS>
					<G>
						<GAMMA>0.001</GAMMA>
					</G>
				</FIAB_MODELS>
			</FAILURE>
			<FAILURE>
				<NAME>FOMO</NAME>
				<LABEL>Failure in operation of motor of %OBJECT</LABEL>
				<DEFAULT_MODEL>GLM</DEFAULT_MODEL>
				<FIAB_MODELS>
					<GLM>
						<GAMMA>0</GAMMA>
						<LAMBDA>2e-005</LAMBDA>
						<MU>0</MU>
					</GLM>
				</FIAB_MODELS>
			</FAILURE>
		</OBJECT>
		<OBJECT>
			<NAME>PompeCentrifugeDyn3</NAME>
			<FAILURE>
				<NAME>FD</NAME>
				<LABEL>Failure on demand of pump %OBJECT</LABEL>
				<DEFAULT_MODEL>G</DEFAULT_MODEL>
				<FIAB_MODELS>
					<G>
						<GAMMA>0.001</GAMMA>
					</G>
				</FIAB_MODELS>
			</FAILURE>
			<FAILURE>
				<NAME>RU</NAME>
				<LABEL>Rupture in operation of pump %OBJECT</LABEL>
				<DEFAULT_MODEL>GLM</DEFAULT_MODEL>
				<FIAB_MODELS>
					<GLM>
						<GAMMA>0</GAMMA>
						<LAMBDA>2e-005</LAMBDA>
						<MU>0</MU>
					</GLM>
				</FIAB_MODELS>
			</FAILURE>
			<FAILURE>
				<NAME>FO</NAME>
				<LABEL>Failure in operation of pump %OBJECT</LABEL>
				<DEFAULT_MODEL>GLM</DEFAULT_MODEL>
				<FIAB_MODELS>
					<GLM>
						<GAMMA>0</GAMMA>
						<LAMBDA>2e-005</LAMBDA>
						<MU>0</MU>
					</GLM>
				</FIAB_MODELS>
			</FAILURE>
			<FAILURE>
				<NAME>FDSP</NAME>
				<LABEL>Failure on demand of switch of %OBJECT</LABEL>
				<DEFAULT_MODEL>G</DEFAULT_MODEL>
				<FIAB_MODELS>
					<G>
						<GAMMA>0.001</GAMMA>
					</G>
				</FIAB_MODELS>
			</FAILURE>
			<FAILURE>
				<NAME>FOSP</NAME>
				<LABEL>Failure in operation of switch of %OBJECT</LABEL>
				<DEFAULT_MODEL>GLM</DEFAULT_MODEL>
				<FIAB_MODELS>
					<GLM>
						<GAMMA>0</GAMMA>
						<LAMBDA>2e-005</LAMBDA>
						<MU>0</MU>
					</GLM>
				</FIAB_MODELS>
			</FAILURE>
			<FAILURE>
				<NAME>FDMO</NAME>
				<LABEL>Failure on demand of motor of %OBJECT</LABEL>
				<DEFAULT_MODEL>G</DEFAULT_MODEL>
				<FIAB_MODELS>
					<G>
						<GAMMA>0.001</GAMMA>
					</G>
				</FIAB_MODELS>
			</FAILURE>
			<FAILURE>
				<NAME>FOMO</NAME>
				<LABEL>Failure in operation of motor of %OBJECT</LABEL>
				<DEFAULT_MODEL>GLM</DEFAULT_MODEL>
				<FIAB_MODELS>
					<GLM>
						<GAMMA>0</GAMMA>
						<LAMBDA>2e-005</LAMBDA>
						<MU>0</MU>
					</GLM>
				</FIAB_MODELS>
			</FAILURE>
		</OBJECT>
		<OBJECT>
			<NAME>VanneTOR0_1</NAME>
			<FAILURE>
				<NAME>CF</NAME>
				<LABEL>Valve %OBJECT forgotten in closed position </LABEL>
				<DEFAULT_MODEL>G</DEFAULT_MODEL>
				<FIAB_MODELS>
					<G>
						<GAMMA>0.001</GAMMA>
					</G>
				</FIAB_MODELS>
			</FAILURE>
			<FAILURE>
				<NAME>FOP</NAME>
				<LABEL>Valve %OBJECT forgotten in open position </LABEL>
				<DEFAULT_MODEL>G</DEFAULT_MODEL>
				<FIAB_MODELS>
					<G>
						<GAMMA>0.001</GAMMA>
					</G>
				</FIAB_MODELS>
			</FAILURE>
			<FAILURE>
				<NAME>IL</NAME>
				<LABEL>Internal leakage of valve %OBJECT</LABEL>
				<DEFAULT_MODEL>GLM</DEFAULT_MODEL>
				<FIAB_MODELS>
					<GLM>
						<GAMMA>0</GAMMA>
						<LAMBDA>2e-005</LAMBDA>
						<MU>0</MU>
					</GLM>
				</FIAB_MODELS>
			</FAILURE>
			<FAILURE>
				<NAME>RU</NAME>
				<LABEL>Rupture in operation of valve %OBJECT</LABEL>
				<DEFAULT_MODEL>GLM</DEFAULT_MODEL>
				<FIAB_MODELS>
					<GLM>
						<GAMMA>0</GAMMA>
						<LAMBDA>2e-005</LAMBDA>
						<MU>0</MU>
					</GLM>
				</FIAB_MODELS>
			</FAILURE>
			<FAILURE>
				<NAME>FO</NAME>
				<LABEL>Failure to open of valve %OBJECT</LABEL>
				<DEFAULT_MODEL>G</DEFAULT_MODEL>
				<FIAB_MODELS>
					<G>
						<GAMMA>0.001</GAMMA>
					</G>
				</FIAB_MODELS>
			</FAILURE>
			<FAILURE>
				<NAME>FC</NAME>
				<LABEL>Failure to close of valve %OBJECT</LABEL>
				<DEFAULT_MODEL>G</DEFAULT_MODEL>
				<FIAB_MODELS>
					<G>
						<GAMMA>0.001</GAMMA>
					</G>
				</FIAB_MODELS>
			</FAILURE>
			<FAILURE>
				<NAME>SC</NAME>
				<LABEL>Spurious closing of valve %OBJECT</LABEL>
				<DEFAULT_MODEL>GLM</DEFAULT_MODEL>
				<FIAB_MODELS>
					<GLM>
						<GAMMA>0</GAMMA>
						<LAMBDA>2e-005</LAMBDA>
						<MU>0</MU>
					</GLM>
				</FIAB_MODELS>
			</FAILURE>
			<FAILURE>
				<NAME>SO</NAME>
				<LABEL>Spurious opening of valve %OBJECT</LABEL>
				<DEFAULT_MODEL>GLM</DEFAULT_MODEL>
				<FIAB_MODELS>
					<GLM>
						<GAMMA>0</GAMMA>
						<LAMBDA>2e-005</LAMBDA>
						<MU>0</MU>
					</GLM>
				</FIAB_MODELS>
			</FAILURE>
		</OBJECT>
		<OBJECT>
			<NAME>VanneTOR0_2</NAME>
			<FAILURE>
				<NAME>CF</NAME>
				<LABEL>Valve %OBJECT forgotten in closed position </LABEL>
				<DEFAULT_MODEL>G</DEFAULT_MODEL>
				<FIAB_MODELS>
					<G>
						<GAMMA>0.001</GAMMA>
					</G>
				</FIAB_MODELS>
			</FAILURE>
			<FAILURE>
				<NAME>FOP</NAME>
				<LABEL>Valve %OBJECT forgotten in open position </LABEL>
				<DEFAULT_MODEL>G</DEFAULT_MODEL>
				<FIAB_MODELS>
					<G>
						<GAMMA>0.001</GAMMA>
					</G>
				</FIAB_MODELS>
			</FAILURE>
			<FAILURE>
				<NAME>IL</NAME>
				<LABEL>Internal leakage of valve %OBJECT</LABEL>
				<DEFAULT_MODEL>GLM</DEFAULT_MODEL>
				<FIAB_MODELS>
					<GLM>
						<GAMMA>0</GAMMA>
						<LAMBDA>2e-005</LAMBDA>
						<MU>0</MU>
					</GLM>
				</FIAB_MODELS>
			</FAILURE>
			<FAILURE>
				<NAME>RU</NAME>
				<LABEL>Rupture in operation of valve %OBJECT</LABEL>
				<DEFAULT_MODEL>GLM</DEFAULT_MODEL>
				<FIAB_MODELS>
					<GLM>
						<GAMMA>0</GAMMA>
						<LAMBDA>2e-005</LAMBDA>
						<MU>0</MU>
					</GLM>
				</FIAB_MODELS>
			</FAILURE>
			<FAILURE>
				<NAME>FO</NAME>
				<LABEL>Failure to open of valve %OBJECT</LABEL>
				<DEFAULT_MODEL>G</DEFAULT_MODEL>
				<FIAB_MODELS>
					<G>
						<GAMMA>0.001</GAMMA>
					</G>
				</FIAB_MODELS>
			</FAILURE>
			<FAILURE>
				<NAME>FC</NAME>
				<LABEL>Failure to close of valve %OBJECT</LABEL>
				<DEFAULT_MODEL>G</DEFAULT_MODEL>
				<FIAB_MODELS>
					<G>
						<GAMMA>0.001</GAMMA>
					</G>
				</FIAB_MODELS>
			</FAILURE>
			<FAILURE>
				<NAME>SC</NAME>
				<LABEL>Spurious closing of valve %OBJECT</LABEL>
				<DEFAULT_MODEL>GLM</DEFAULT_MODEL>
				<FIAB_MODELS>
					<GLM>
						<GAMMA>0</GAMMA>
						<LAMBDA>2e-005</LAMBDA>
						<MU>0</MU>
					</GLM>
				</FIAB_MODELS>
			</FAILURE>
			<FAILURE>
				<NAME>SO</NAME>
				<LABEL>Spurious opening of valve %OBJECT</LABEL>
				<DEFAULT_MODEL>GLM</DEFAULT_MODEL>
				<FIAB_MODELS>
					<GLM>
						<GAMMA>0</GAMMA>
						<LAMBDA>2e-005</LAMBDA>
						<MU>0</MU>
					</GLM>
				</FIAB_MODELS>
			</FAILURE>
		</OBJECT>
		<OBJECT>
			<NAME>Bache1</NAME>
			<FAILURE>
				<NAME>FO</NAME>
				<LABEL>Failure in operation of tank %OBJECT</LABEL>
				<DEFAULT_MODEL>GLM</DEFAULT_MODEL>
				<FIAB_MODELS>
					<GLM>
						<GAMMA>0</GAMMA>
						<LAMBDA>2e-005</LAMBDA>
						<MU>0</MU>
					</GLM>
				</FIAB_MODELS>
			</FAILURE>
			<FAILURE>
				<NAME>PD</NAME>
				<LABEL>Plugging on demand of tank %OBJECT</LABEL>
				<DEFAULT_MODEL>G</DEFAULT_MODEL>
				<FIAB_MODELS>
					<G>
						<GAMMA>0.001</GAMMA>
					</G>
				</FIAB_MODELS>
			</FAILURE>
		</OBJECT>
	</TREE>
</GEN_TREE_OPTIONS>
